app_id,recommendationid,review,voted_up
,149080376,"fuck the controls 
fuck the enemies 
fuck this game
10/10",True
,149070027,"""The real Dark Souls was the friends we made along the way.""
- John Darksoul",True
,137007169,Plin Plin Plon.,True
,148999603,Good game if you anger issues,True
,149029747,i love big booty asians,True
,149026073,"I tried this game in preparation for Elden Ring over a year ago and stopped at Blighttown. It being my first soulsborne, it was truly an experience filled with wonder and rage. One example of wonder would be me taking the lift under the first bell tower. One example of rage would be the walk back to the Taurus Demon. That is probably the most mad I had been at a video game in a very long time, but being more well versed in these types of games now, I look back on it and laugh.

Coming back over a year later, and after beating Elden Ring, I must say this game has so much to offer. The only stipulation being that you are willing to put in the time to learn the game, and to get better. Coming into the game I had so much drive. I wanted to beat every Dark Souls before Elden Ring came out, just to have that experience. just to not even get halfway through the first game before calling it quits. After giving it a second go and completing it, I will say that you shouldn't throw in the towel, or you're going to miss out on one of the greatest gaming journeys I've been on. 

This game, for newcomers, will beat you down over and over again. The game, for players who have played before, will beat you down over and over again (but more fun this time).

As of right now, I'm early on my Dark Souls 2 playthrough and I can only hope that it, and Dark Souls 3, can hold a candle to the greatness that is Dark Souls 1.",True
,107019128,"‚†Ä‚†Ä‚†Ä‚†Ä‚†Ä‚†Ä‚†Ä‚†Ä‚†Ä‚†Ä‚†Ä‚†Ä‚†Ä‚†Ä‚†Ä‚†Ä‚†Ä‚†Ä‚†Ä‚†Ä‚†Ä‚†Ä‚†Ä‚¢Ä‚£§‚¢¥‚¢≤‚£§‚£§‚¢§‚£Ñ‚°Ä‚†Ä‚†Ä‚†Ä‚†Ä‚†Ä‚†Ä‚†Ä‚†Ä‚†Ä
‚†Ä‚†Ä‚†Ä‚†Ä‚†Ä‚†Ä‚†Ä‚†Ä‚†Ä‚†Ä‚†Ä‚†Ä‚†Ä‚†Ä‚†Ä‚†Ä‚†Ä‚†Ä‚†Ä‚†Ä‚†Ä‚¢ê‚£æ‚°ø‚£ª‚£ø‚£Ω‚£¶‚°ô‚£Ø‚£©‚£æ‚°õ‚¢¶‚†Ä‚†Ä‚†Ä‚†Ä‚†Ä‚†Ä‚†Ä
‚†Ä‚†Ä‚†Ä‚†Ä‚†Ä‚†Ä‚†Ä‚†Ä‚†Ä‚†Ä‚†Ä‚†Ä‚†Ä‚†Ä‚†Ä‚†Ä‚†Ä‚†Ä‚†Ä‚†Ä‚†Ä‚£æ‚†è‚£û‚£π‚£ø‚£∂‚£ø‚£ø‚£ü‚£π‚£ø‚£ø‚°Ä‚£á‚†Ä‚†Ä‚†Ä‚†Ä‚†Ä‚†Ä
‚†Ä‚†Ä‚†Ä‚†Ä‚†Ä‚†Ä‚†Ä‚†Ä‚†Ä‚†Ä‚†Ä‚†Ä‚†Ä‚†Ä‚†Ä‚†Ä‚†Ä‚†Ä‚†Ä‚†Ä‚¢∏‚£É‚£º‚£ª‚£´‚°æ‚°ø‚†â‚†ô‚†ª‚†ø‚†ø‚¢ø‚£ß‚°ü‚†Ä‚†Ä‚†Ä‚†Ä‚†Ä‚†Ä
‚†Ä‚†Ä‚†Ä‚†Ä‚†Ä‚†Ä‚†Ä‚†Ä‚†Ä‚†Ä‚†Ä‚†Ä‚†Ä‚†Ä‚†Ä‚†Ä‚†Ä‚†Ä‚†Ä‚†Ä‚¢π‚£ø‚£ø‚£ø‚£´‚†æ‚†Å‚†Ä‚†Ä‚¢É‚†Ä‚†Ä‚†Ä‚£ø‚°á‚†Ä‚†Ä‚†Ä‚†Ä‚†Ä‚†Ä
‚†Ä‚†Ä‚†Ä‚†Ä‚†Ä‚†Ä‚†Ä‚†Ä‚†Ä‚†Ä‚†Ä‚†Ä‚†Ä‚†Ä‚†Ä‚†Ä‚†Ä‚†Ä‚†Ä‚†Ä‚£º‚£ø‚£ø‚£ø‚†É‚†Ä‚¢ø‚£ø‚£ø‚£ø‚†Ñ‚¢¶‚£§‚°ø‚†É‚†Ä‚†Ä‚†Ä‚†Ä‚†Ä‚†Ä
‚†Ä‚†Ä‚†Ä‚†Ä‚†Ä‚†Ä‚†Ä‚†Ä‚†Ä‚†Ä‚†Ä‚†Ä‚†Ä‚†Ä‚†Ä‚†Ä‚†Ä‚†Ä‚†Ä‚†∏‚£ø‚†ø‚£æ‚£ø‚†Ä‚¢Ä‚†Ä‚†â‚†â‚£ø‚°Ñ‚†ª‚°ø‚†É‚†Ä‚†Ä‚†Ä‚†Ä‚†Ä‚†Ä‚†Ä
‚†Ä‚†Ä‚†Ä‚†Ä‚†Ä‚†Ä‚†Ä‚†Ä‚†Ä‚†Ä‚†Ä‚†Ä‚†Ä‚†Ä‚†Ä‚†Ä‚†Ä‚†Ä‚†Ä‚†Ä‚¢∏‚£ø‚£ø‚£è‚£≥‚£æ‚£Ü‚£†‚£æ‚°ø‚£ø‚†Ä‚°∏‚†Ä‚†Ä‚†Ä‚†Ä‚†Ä‚†Ä‚†Ä‚†Ä
‚†Ä‚†Ä‚†Ä‚†Ä‚†Ä‚†Ä‚†Ä‚†Ä‚†Ä‚†Ä‚†Ä‚†Ä‚†Ä‚†Ä‚†Ä‚†Ä‚†Ä‚†Ä‚†Ä‚†Ä‚£ø‚£ø‚£ø‚£ø‚£ø‚£ø‚£ø‚°ø‚£ø‚†∑‚£Ø‚°ø‚†Ä‚†Ä‚†Ä‚†Ä‚†Ä‚†Ä‚†Ä‚†Ä‚†Ä
‚†Ä‚†Ä‚†Ä‚†Ä‚†Ä‚†Ä‚†Ä‚£Ä‚£Ä‚£Ä‚£Ä‚£Ä‚£†‚£§‚£§‚£¥‚£∂‚£∂‚£¶‚£æ‚£ø‚†Ä‚†π‚£ø‚£ø‚°ø‚£ø‚¢Å‚†Ä‚¢ª‚£ø‚†É‚†Ä‚†Ä‚†Ä‚†Ä‚†Ä‚†Ä‚†Ä‚†Ä‚†Ä
‚†Ä‚†Ä‚¢Ä‚£¥‚£æ‚£ø‚£ø‚£ø‚£ø‚£ø‚£ø‚£≠‚£ø‚£ø‚£ø‚£ø‚£ø‚†ü‚†â‚†ô‚£ø‚†Ä‚†Ä‚¢∏‚£ø‚°ø‚¢ø‚£Æ‚£ø‚£ø‚°ü‚†Ä‚†Ä‚†Ä‚†Ä‚†Ä‚†Ä‚†Ä‚†Ä‚†Ä‚†Ä
‚†Ä‚£†‚£ø‚°ø‚†ã‚¢®‚£ø‚†ü‚†ã‚†â‚†â‚†â‚†õ‚†ª‚¢ø‚£ø‚£ø‚°Ñ‚†Ä‚†Ä‚¢ª‚†Ä‚†Ä‚¢∏‚°ü‚†Ä‚†Ä‚†Ä‚†Ä‚†â‚†â‚†¢‚£Ñ‚†Ä‚†Ä‚†Ä‚†Ä‚†Ä‚†Ä‚†Ä‚†Ä
‚¢∞‚£ø‚†ã‚†Ä‚†Ä‚£æ‚°á‚†Ä‚†Ä‚†Ä‚†Ä‚†Ä‚†Ä‚†Ä‚†Ä‚†à‚†ô‚£ø‚°Ç‚†Ä‚¢ò‚£ß‚£†‚°ü‚†Ä‚†Ä‚£§‚¢ñ‚£¥‚†Ç‚†Ä‚†Ä‚†à‚†≥‚°Ä‚†Ä‚†Ä‚†Ä‚†Ä‚†Ä‚†Ä
‚£æ‚£á‚†Ä‚†Ä‚†Ä‚¢∏‚£á‚†Ä‚†Ä‚†Ä‚†Ä‚†Ä‚†Ä‚†Ä‚†Ä‚†Ä‚†Ä‚†ò‚£∑‚£§‚£º‚£ø‚£ø‚£Å‚£¥‚£ø‚£¥‚†æ‚†É‚†í‚†Ç‚¢Ñ‚°Ä‚†Ä‚†ò‚†Ñ‚°Ä‚†Ä‚†Ä‚†Ä‚†Ä
‚†à‚¢ø‚°Ü‚†Ä‚†Ä‚†Ä‚†ò‚£¶‚°Ä‚†Ä‚†Ä‚†Ä‚†Ä‚†Ä‚†Ä‚†Ä‚†Ä‚†Ä‚†ò‚£ø‚£ø‚£ø‚£ø‚†ü‚†ã‚†Å‚†Ä‚†Ä‚†Ä‚†Ä‚†Ä‚†Ä‚†ô‚¢¶‚°Ä‚†Ä‚†à‚†≥‚°Ä‚†Ä‚†Ä
‚†Ä‚†à‚£ø‚†Ä‚†Ä‚¢∞‚£æ‚£ø‚£ø‚°Ü‚†Ä‚†Ä‚†Ä‚†Ä‚†Ä‚†Ä‚†Ä‚†Ä‚†Ä‚£ª‚£ø‚°è‚†Å‚†Ä‚†Ä‚†Ä‚†Ä‚†Ä‚†Ä‚†Ä‚†Ä‚†Ä‚†Ä‚†Ä‚†ô‚°Ü‚†Ä‚†Ä‚†ò‚£Ñ‚†Ä
‚†Ä‚£†‚°ü‚†Å‚£∞‚£ø‚°ü‚°¨‚£ø‚£ø‚†Ä‚†Ä‚†Ä‚†Ä‚†Ä‚†Ä‚†Ä‚†Ä‚¢Ä‚£ø‚°ü‚†Ä‚†Ä‚†Ä‚†Ä‚†Ä‚†Ä‚†Ä‚†Ä‚†Ä‚†Ä‚†Ä‚†Ä‚†Ä‚†Ä‚¢∏‚†Ä‚†Ä‚†Ä‚†∏‚°Ñ
‚°û‚†ã‚†Ä‚£†‚°ø‚¢ø‚£Ü‚¢°‚£ø‚£ø‚†Ä‚†Ä‚†Ä‚†Ä‚†Ä‚†Ä‚†Ä‚†Ä‚£º‚£ø‚†Å‚†Ä‚†Ä‚†Ä‚†Ä‚†Ä‚†Ä‚†Ä‚†Ä‚†Ä‚†Ä‚†Ä‚†Ä‚†Ä‚†Ä‚¢∏‚†Ä‚†Ä‚†Ä‚†Ä‚°á
‚£Ö‚£†‚°æ‚†ã‚†Ä‚†Ä‚¢ª‚£ø‚£ø‚£ø‚†Ä‚†Ä‚†Ä‚†Ä‚†Ä‚†Ä‚†Ä‚£∞‚£ø‚°è‚†Ä‚†Ä‚†Ä‚†Ä‚†Ä‚†Ä‚†Ä‚†Ä‚†Ä‚†Ä‚¢Ä‚°Ä‚¢Ä‚†Ä‚†Ä‚°è‚†Ä‚†Ä‚†Ä‚°∏‚†Ä
‚†õ‚†â‚†Ä‚†Ä‚†Ä‚†Ä‚†Ä‚†ª‚£ø‚£ø‚£∑‚£Ñ‚£Ä‚†Ä‚†Ä‚¢Ä‚£º‚£ø‚£ø‚°á‚†Ä‚†Ä‚†Ä‚†Ä‚†Ä‚†Ä‚†Ä‚†Ä‚†Ä‚°¥‚¢ã‚£∂‚°ø‚†Ä‚†Ä‚†ë‚¢¶‚†Ä‚†Ä‚°á‚†Ä
‚†Ä‚†Ä‚†Ä‚†Ä‚†Ä‚†Ä‚†Ä‚†Ä‚¢π‚£ø‚°ô‚¢ø‚£ø‚£ø‚£ø‚£ø‚£ø‚£ø‚£ø‚£ø‚£¶‚£Ä‚†Ä‚†Ä‚†Ä‚†Ä‚†Ä‚°∞‚¢ã‚£∞‚£ø‚¢ø‚°á‚†Ä‚†Ä‚†Ä‚†Ä‚¢£‚†Ä‚†ò‚°Ñ
‚†Ä‚†Ä‚†Ä‚†Ä‚†Ä‚†Ä‚†Ä‚†Ä‚†ò‚£ø‚¢∑‚£§‚£ø‚†ø‚†ü‚†õ‚¢ø‚£ø‚†ø‚†ø‚¢ø‚£ø‚£∑‚£∂‚£§‚£Ä‚£º‚£¥‚°û‚¢ª‚°è‚†∏‚£á‚†Ä‚†Ä‚†Ä‚†Ä‚¢Ä‚°á‚†Ä‚¢≥
‚†Ä‚†Ä‚†Ä‚†Ä‚†Ä‚†Ä‚†Ä‚†Ä‚¢∞‚£ø‚°Ñ‚£ø‚£ß‚£§‚£§‚£§‚£∏‚£ü‚£Ä‚°Ä‚†Ä‚†Ä‚†π‚£ø‚†â‚¢â‚°µ‚†ã‚£†‚¢º‚°á‚†Ä‚¢ø‚°Ñ‚†Ä‚†Ä‚¢Ä‚°é‚†Ä‚†Ä‚°û
‚†Ä‚†Ä‚†Ä‚†Ä‚†Ä‚†Ä‚†Ä‚†Ä‚¢∏‚£ø‚°â‚£ø‚†Å‚†Ä‚†Ä‚†Ä‚¢π‚£ø‚†â‚†õ‚†õ‚†í‚†õ‚¢ª‚°Ä‚¢à‚°§‚¢ä‚°á‚†à‚¢ø‚£∂‚†û‚¢∑‚°Ä‚†Ä‚¢æ‚†Ä‚†Ä‚†à‚°Ñ
‚†Ä‚†Ä‚†Ä‚†Ä‚†Ä‚†Ä‚†Ä‚¢Ä‚£æ‚°è‚†≥‚£ø‚£∂‚£¶‚£§‚†∂‚¢æ‚°ø‚†≤‚†¶‚†§‚†§‚†§‚¢æ‚°Å‚¢à‚†î‚¢â‚†á‚†Ä‚†à‚¢ø‚£∑‚¢º‚£ø‚°Ü‚†Ä‚¢£‚†Ä‚†Ä‚£∏",True
,149025199,one of the greatest game series ive ever played. i started with the third and then went to bloodborne then elden ring and now im going back to the first to truly understand it all and how everything came to be,True
,149024555,Great now do bloodborne,True
,149017146,"DS3 Got me into the soulsborne genre, and its so cool to play the game that started the trilogy. Fantastic worldbuilding, and while combat is a lot simpler, the areas still present some challenges.",True
,57616443,"The only game that's ever made me break multiple controllers. I love it, 10/10.",True
,149009820,is good,True
,149008724,"Great design, great world, great bosses and just a great time all round",True
,149002777,"GOAT, tedious but, GOAT",True
,143559719,Ornstein and smough'a gelip oyunu silebilirsiniz,True
,136884850,plin plin plon,True
,148985842,"The janky controls and dog shit camera will be 99.9% of your deaths in this game. Not even hard, just old. 

Stellar game.
",True
,148965959,‰ªäÂπ¥Áé©ÁöÑËÄÅÊ∏∏Êàè‰∏≠ÔºåÂîØ‰∏Ä‰∏Ä‰∏™Áé©Âà∞ÈÄöÂÖ≥ÁöÑÔºåÊâìÂàÜËÉΩÁªô6/10Ôºå‰ΩÜÊòØËøô‰∏™ÊâìÂàÜÊòØÂêÑÁßçÊïÖÊÑèÊÅ∂ÂøÉ‰∫∫ÁöÑÂú∞Êñπ-20ÂàÜÔºåÁ≤æÂ¶ôÁöÑÂú∞ÂõæËÆæËÆ°+16ÂàÜÂíå‰∏∞ÂØåÁöÑÊàòÊñóÁ≥ªÁªü+10ÂàÜÂæóÂá∫Êù•ÁöÑ„ÄÇ‰Ω†ÈóÆÊàëÊé®Ëçê‰∏çÊé®ËçêÔºåÂÆûÂú®ÊòØÊ≤°Ê≥ïÂõûÁ≠î„ÄÇÂú∞ÂõæÊØîÊàë‰ªäÂπ¥Áé©ÁöÑÊâÄÊúâ2dÁ±ªÈì∂ÂüéÈÉΩÊõ¥Âä†Á±ªÈì∂ÂüéÔºåÈùûÂ∏∏ÂÄºÂæó‰ΩìÈ™å‰∏Ä‰∏ãÔºõ‰ΩÜÊòØÊ°•‰∏ã‰∏âËÄÅÈº†„ÄÅÁæäÂ∏¶‰∫åÁãó„ÄÅÂñ∑ÁÅ´Áü≥ÂÉèÈ¨º„ÄÅÈíüÊ•º‰∫åÊ•ºÂçÅÊ¥ªÂ∞∏„ÄÅÁóÖÊùëÂÆàÈó®‰∏âËÉñ„ÄÅÁ≤™ÂùëÂêπÁÆ≠Âì•Â∏¶Áãó„ÄÅÂè§ÂüéÊ•ºÈ°∂Ê†∏ÂºπÂì•„ÄÅÂ∞èÈöÜÂæ∑ÂπΩÁÅµÈòµ„ÄÅ‰∏ÄÊã≥ËòëËèáË∂Ö‰∫∫„ÄÅÂ§©Ëä±ÊùøÂõõË†ïËô´„ÄÅÁéãÂüéÂèåÂºì„ÄÅÊ∞¥Êô∂ÂùëÂ¢®Ëè≤Áâπ„ÄÅ‰∏ÉÂ§¥ËõáÊµÖÊ∞¥ÊëîÊ≠ª„ÄÅ‰ª•ÂèäÊó†Êï∞ÁöÑ‰∏ãÂè∞Èò∂Èó®ÂêéÂüã‰ºèÁ≠âÁ≠âÁ≠âÁ≠âÔºåÊØèËøá‰∏ÄÂÖ≥ÊàëÈÉΩËßâÂæóÊäòÂØø„ÄÇ‰ΩÜÊòØ‰ª•‰∏äÁöÑÊÅ∂ÂøÉÂú∞ÊñπÔºåÂíåÂú∞ÂõæËÆæËÆ°ÈÖçÂêàÂæóÂèàÂæàÂ∑ßÂ¶ôÔºåËÆ©ÊàëÂèà‰∏çÁ¶ÅÊÉ≥Êé®ËçêÂ§ßÁÅ´ÈÉΩÂéª‰ΩìÈ™å‰∏Ä‰∏ã„ÄÇÂïäÔºåÊÑüËßâÂ§ßËÑëÂ∑≤ÁªèË¢´ËÄÅÂÆ´Ë∞ÉÊïôÂÆåÊàê‰∫Ü„ÄÇ,True
,148963756,I love it,True
,146607227,i lost 60k souls to gwyndolin,False
,148954403,Picked up on Sale and have had really good fun with the game. It was more than worth the money I paid for it and it served as a great intro into the Souls Series for me. I would highly recommend this game.,True
,148949832,Great game. Dark Souls 1-3 are fantastic.,True
,148945865,I liked this one!,True
,148944236,shit is fantastic play it if u havent,True
,119532018,Nothing takes 294 days to fix when you've been provided the solution day 1.,False
,148943476,This is a game you can get lost in.,True
,143022179,Dark Souls but remastered.,True
,146789057,Bring Bloodborne to PC,True
,148932473,"‚£ø‚£ø‚£ø‚£ø‚£ø‚£ø‚£ø‚£ø‚£ø‚£ø‚£ø‚°ø‚†õ‚†â‚†Å‚†Ñ‚¢Ä‚£§‚£∂‚£∂‚£∂‚£∂‚£∂‚£§‚£Ñ‚†Ñ‚†à‚¢ø‚£ø‚£ø
‚£ø‚£ø‚£ø‚£ø‚£ø‚£ø‚£ø‚£ø‚£ø‚†ø‚†ã‚†Ñ‚†Ñ‚†Ñ‚†Ñ‚†Ñ‚¢æ‚£ø‚£ø‚£ø‚£ø‚£ø‚£ø‚£ø‚£ø‚£ø‚£Ü‚£º‚£ø‚£ø
‚£ø‚£ø‚£ø‚£ø‚£ø‚£ø‚£ø‚£ø‚†ã‚†Ñ‚†Ñ‚†Ñ‚†Ñ‚†Ñ‚¢Ä‚£¥‚£ø‚£ø‚£ø‚£ø‚£ø‚£ø‚£ø‚£ø‚£ø‚£ø‚£ø‚£ø‚£ø‚£ø
‚£ø‚£ø‚£ø‚£ø‚£ø‚£ø‚£ø‚¢É‚°Ä‚†Ç‚†Ñ‚†Ñ‚†Ñ‚†Ñ‚¢ø‚£ø‚£ø‚£ø‚£ø‚£ø‚£∂‚°∂‚†§‚£¨‚£ø‚£ø‚£ø‚£ø‚£ø‚£ø
‚£ø‚£ø‚£ø‚£ø‚£ø‚£ø‚†Å‚†Ñ‚†Ñ‚†Ñ‚†Ñ‚†Ñ‚†Ñ‚†Ñ‚¢∏‚£ø‚£ø‚£ø‚£ø‚£∂‚£æ‚£è‚£Ä‚£ø‚£ø‚£ø‚¢≥‚£§‚£ú‚£ø
‚£ø‚£ø‚£ø‚£ø‚£ø‚£ø‚†Ñ‚†Ñ‚†Ñ‚†Ñ‚†Ñ‚†Ñ‚†Ñ‚†Ñ‚¢∏‚£ø‚£ø‚£ø‚£ø‚£ø‚£∑‚£æ‚£ø‚£ø‚£ø‚£ø‚£ø‚£Å‚£∏‚£ø
‚£ø‚£ø‚£ø‚£ø‚£ø‚£ø‚°Ä‚†Ñ‚†Ñ‚†Ñ‚†Ñ‚†Ñ‚†Ñ‚†Ñ‚¢∏‚£ø‚£ø‚£ø‚£ø‚£ø‚£ø‚£ø‚†ø‚†æ‚†Ø‚£≠‚£ø‚£∑‚£ø‚£ø
‚£ø‚£ø‚£ø‚£ø‚£ø‚°ø‚†É‚†Ñ‚†Ñ‚†Ñ‚†Ñ‚†Ñ‚†Ñ‚†Ñ‚¢à‚£ø‚£ø‚£ø‚£ø‚£ø‚†ã‚†Ñ‚†Ñ‚†Ñ‚†Ñ‚†à‚†Ñ‚†ô‚°ø‚£ø
‚£ø‚£ø‚£ø‚£ø‚°â‚†Ñ‚†Ñ‚†Ñ‚†Ñ‚†Ñ‚†Ñ‚†Ñ‚†Ñ‚†Ñ‚†ò‚¢ø‚£ø‚£Ω‚£ø‚†Ñ‚†ê‚¢¶‚£¥‚£∂‚¢ö‚†ã‚†Ñ‚†Ñ‚£Å‚£ø
‚£ø‚£ø‚£ø‚£ø‚£∑‚†Ñ‚†Ñ‚†Ñ‚†Ñ‚†Ñ‚†Ñ‚†Ñ‚†Ñ‚†Ñ‚†Ñ‚†â‚†Å‚†â‚†Å‚†Ñ‚†Ñ‚†Ñ‚†∏‚¢∑‚£æ‚°Ñ‚†Ñ‚†Ñ‚¢∏‚£ø
‚£ø‚£ø‚†ø‚†õ‚†ã‚†Ñ‚†Ñ‚†Ñ‚†Ñ‚†Ñ‚†Ñ‚†Ñ‚†Ñ‚†Ñ‚†Ñ‚†Ñ‚†Ñ‚†Ñ‚†Ñ‚†Ñ‚†Ñ‚†Ñ‚†Ñ‚†Ñ‚¢ø‚†á‚†Ñ‚†Ñ‚¢∏‚£ø
‚†ã‚†Å‚†Ñ‚†Ñ‚†Ñ‚†Ñ‚†Ñ‚†Ñ‚†Ñ‚†Ñ‚†Ñ‚†Ñ‚¢Ä‚†Ñ‚†Ñ‚†Ñ‚†Ñ‚†Ñ‚†Ñ‚†Ñ‚†Ñ‚†Ñ‚†Ñ‚†Ñ‚†Ñ‚†Ñ‚†Ñ‚†Ñ‚¢∏‚£ø
‚†Ñ‚†Ñ‚†Ñ‚†Ñ‚†Ñ‚†Ñ‚†Ñ‚†Ñ‚†Ñ‚†Ñ‚†Ñ‚†Ñ‚†ò‚£ß‚£Ñ‚†Ñ‚†Ñ‚†Ñ‚†Ñ‚†Ñ‚†Ñ‚†Ñ‚†Ñ‚†Ñ‚†Ñ‚†Ñ‚†Ñ‚†Ñ‚£∏‚£ø",True
,148928362,"Dark Souls is a true classic and a certified must play.  

9/10

My top 5 bosses:
1. Ornstein & Smough
2. Sif
3. Knight Artorias
4. Gwyn
5. Kalameet",True
,148927993,so gud,True
,55073652,"It's Ok, for a tough as nails exploration RPG with PVP mechanics.",True
,148913319,"Every soul has its dark, remastered",True
,148907932,"""Dark Souls Remastered"" is a true masterpiece that delivers an unparalleled gaming experience. The updated visuals breathe new life into this iconic title, making the bleak and atmospheric world even more immersive. The intricate level design and challenging combat system are as captivating as ever, ensuring that every victory feels incredibly rewarding. From the hauntingly beautiful soundtrack to the unforgettable boss battles, ""Dark Souls Remastered"" oozes ambiance and excellence. The game's intricate lore and cryptic storytelling invite players to delve deep into its dark and mysterious universe. For both veterans and newcomers, this remastered edition is the definitive way to explore the unforgettable world of Lordran, making it a must-play for any avid gamer.",True
,148905975,What's even the point of writing a review when the game is obviously mind-blowingly good. Remaster og no remaster- it's a masterpiece.,True
,148898391,Praise the Sun,True
,148895486,"Amazing game, please try it!",True
,143303777,"This game was recently voted the best game of all time, it‚Äôs self explanatory play it already.",True
,148889615,praise the sun,True
,148889481,"My introduction to anything soulsbourne or souls-like was Elden Ring, followed by Sekiro.  Feeling inspired, I decided to take on the classic trilogy, starting with Dark Souls I.  Being a much earlier game, you can tell the graphics and gameplay were still in their ""working out the kinks"" process, but that doesn't stop this game from being a masterpiece.  It may not have the open-world aspect that Elden Ring or match it's beauty in world design, but it is truly a work of art.  The way the world is all linked together and the main storyline are what drive this game and I'm all for it.  I definitely need a guide for a few parts to see where to go next, but other than that, the game is fairly linear without forcing the player to make one decision or another.  I, personally, found this game  lot easier than I was expecting (thank you, Sekiro), but that allowed me to focus less on grinding to prepare for a boss fight and more on the story that I'm experiencing.  Overall, this is a 10/10 game.  Takes a little bit of getting used to with a fairly steep learning curve, but I highly recommend it to anyone wanting to enjoy a classic.",True
,148888017,"I really enjoyed this game. I played hollow knight, and my first run of that took 300+ hours. I think if you want more bang for your buck, that is a better dollar-per-game-time ratio, at least for me.

Despite only taking me 1/10th of the time to complete, I think I enjoyed this game just as much. It is rough around the edges, very cryptic, and I found myself looking up guides a lot, but I still loved every second of it. I would personally recommend finding a friend who has unreasonable amounts of playtime, and asking them for cryptic hints, probably a more comedic and immersive experience.",True
,148881619,it's alright,True
,148880603,mastapeece,True
,146708102,"TLDR: This game is an unfun, dated piece of trash. I am genuinely surprised that Fromsoft decided to continue the Dark Souls trilogy after making this offense to gaming.

Dark Souls Remastered was some of the least fun I have ever had in gaming. A mixture of terrible combat, horrendous level design, awful bosses, and ugly graphics come together to create an overall garbage experience.

Let's begin with the combat. Wow, it's bad. Like really bad. When I played I tried almost every build. While the weapons were different, they all had one thing in common. They felt like shit to use. I tried straight swords, greatswords, curved greatswords, katanas, rapiers, axes, spears. I even fucking tried bows if you can believe it. EVERYTHING FELT LIKE SHIT TO USE! I ended up settling on a pure magic build. While magic still felt overall bad to use, it was the best option because it got rid of a lot of the bad mechanics that plagued melee weapons. One of the main issues that I had with the melee combat was the fact that if a pixel of your weapon made slight contact with a wall, it would stagger you. Enemies did not suffer from this which lead to bullshit situations where you were not able to hit enemies if they happened to be in a tight hallway or something similar to that. This is just one of the many things that really stood out to me. Combat was generally unsatisfying and clunky.

Next, let‚Äôs go over the level design. I don‚Äôt even know where to begin with this. With the exception of maybe Undead Burg and Undead Parish (the first couple of areas of the game), the levels of this game are laughably bad. It‚Äôs honestly kind of impressive that they managed to make a world this terrible to traverse. I wouldn‚Äôt be surprised if they held some sort of contest when making this game to see who could make the worst level. I know I keep going on and on about the level design, but it‚Äôs actually that bad. Blighttown, Sen‚Äôs Fortress, Anor Londo, New Londo Ruins, The Duke‚Äôs Archives, The Catacombs, GODDAMN NEARLY EVERY FUCKING AREA IS DOGSHIT! I kept telling myself that there was no way that the next area could be worse than the last and I was wrong every time. The only redeeming quality about the world/level design is how they link a few areas back to Firelink Shrine. They only do this about three or so times that I can remember though.

Finally, let‚Äôs end this negative review by talking about maybe the most important part of a Dark Souls game, the bosses. If you were hoping for me to say something positive about this, sorry they are bad too. I guess you can say they fit the vibe of the level they are in. Sadly the vibe of each level in this game is ass. The best bosses in this game are mediocre and the worst ones are downright offensive. Capra Demon and The Bed of Chaos are genuinely some of the worst bosses I‚Äôve seen in gaming. Bosses that generally get praised in the Dark Souls community such as Ornstein + Smough and Great Wolf Sif are barely any better.  

Dark Souls Remastered consists of bad combat, garbage level design, and unfun bosses. I am absolutely flabbergasted, fucking astounded, that some people consider this the best game in the trilogy. I feel like Fromsoft should come to my house and apologize that they made this mess that I played through. I would not recommend this game unless you dislike fun, or if you just want bragging rights saying that you beat the game. 

2/10",False
,89683098,dick,True
,148876347,"Amazing chest ahead!
10/10",True
,148874227,it's good,True
,142626701,"i hate this game, i love this game",True
,148869269,"Dark Souls 3 is one of the best games ever and this is up there with it. The movement and feel of this game feel a bit more arcadey and faster, but that's a good thing.",True
,148867998,"Initially it wasn't my bag (baby, yeah) but it grew on me hard and fast (like my dick). Really great game.",True
,148866818,gaming,True
,148864379,The Souls series has completely destroyed my view on games and how I go about playing them. Fromsoft truly has made a masterpiece of a series.,True
,77326859,Inw,True
,148850960,PLink PLink PLonk,True
,142520105,"‚†Ä‚†Ä‚†Ä‚†Ä‚†Ä‚†Ä‚†Ä‚†Ä‚†Ä‚†Ä‚†Ä‚†Ä‚†Ä‚†Ä‚†Ä‚†Ä‚†Ä‚†Ä‚†Ä‚£Ä‚†Ä‚†Ä‚†Ä‚†Ä‚†Ä‚†Ä‚†Ä‚†Ä‚†Ä
‚†Ä‚†Ä‚†Ä‚†Ä‚†Ä‚†Ä‚†Ä‚†í‚¢∂‚£Ü‚†Ä‚†Ä‚†Ä‚¢∞‚£á‚†Ä‚†Ä‚†Ä‚†Ä‚£∏‚°á‚†Ä‚†Ä‚†Ä‚†Ä‚†Ä‚†Ä‚†Ä‚†Ä
‚†Ä‚†Ä‚†Ä‚†Ä‚†Ä‚†Ä‚†Ä‚†Ä‚£∏‚°õ‚°Ü‚†Ä‚†Ä‚°ú‚£ø‚†Ä‚†Ä‚°î‚°©‚°≤‚†É‚†Ä‚†Ä‚†Ä‚†Ä‚†Ä‚†Ä‚†Ä‚†Ä
‚†Ä‚†Ä‚†Ä‚†Ä‚¢¶‚£Ñ‚†Ä‚†Ä‚¢°‚¢£‚°ì‚†§‚°Ä‚°á‚°á‚°á‚†Ä‚°Ü‚†∏‚°Ö‚†Ä‚†Ä‚£†‚°¥‚†Ä‚†Ä‚†Ä‚†Ä‚†Ä
‚†Ä‚†Ä‚†Ä‚†Ä‚†Ä‚†ª‚°ª‚°¢‚¢Ñ‚†ë‚°å‚¢£‚£π‚£Å‚£á‚£∏‚°î‚£°‚¢Ä‚£á‚†§‚£∫‚†ü‚†Ä‚†Ä‚†Ä‚†Ä‚†Ä‚†Ä
‚†¥‚¢ø‚£≤‚£Ñ‚†Ä‚†Ä‚°±‚°å‚¢¢‚°©‚†õ‚†â‚†Ä‚†Ä‚†Ä‚†Ä‚†à‚†ë‚†ø‚°°‚¢ä‚†é‚¢Ä‚°§‚£î‚£¢‚†Ñ‚°∫‚†Ä
‚†Ä‚†Ä‚†ª‚£è‚†â‚†≠‚†¨‚£â‚†û‚¢Ä‚†§‚¢§‚£§‚°Ñ‚†Ä‚£Ñ‚£†‚¢§‚¢Ñ‚°ô‚°ü‚†ê‚°´‚¢ä‚†ñ‚†â‚†â‚†Ä‚†Ä
‚†Ä‚†Ä‚†Ä‚†à‚¢â‚£â‚°±‚°û‚†∞‚£•‚£æ‚£ø‚£ø‚°è‚†Ä‚°ø‚£ø‚£ª‚£∑‚†¨‚†∏‚£≠‚£î‚°ä‚†Ä‚†Ä‚†Ä‚†Ä‚†Ä
‚†§‚†¥‚¢∂‚£≠‚†•‚†§‚†§‚°á‚†Ä‚†Ä‚†Ä‚†Å‚††‚°ñ‚†Ä‚†∑‚°Ñ‚†Å‚†Ä‚†Ä‚†Ä‚†ß‚†Ä‚£à‚£©‚†ø‚†∂‚†Ü‚†Ä
‚†Ä‚†Ä‚†Ä‚†Ä‚£®‚¢ü‚£õ‚¢ø‚†Ä‚†Ä‚†Ä‚†Ä‚†ò‚£õ‚£í‚°ã‚†Å‚†Ä‚†Ä‚†Ä‚£∏‚†ª‚°Å‚†Ä‚†Ä‚†Ä‚†Ä‚†Ä‚†Ä
‚†Ä‚£†‚†§‚†¥‚°£‚£´‚†Ñ‚°æ‚¢£‚°Ä‚†Ä‚†õ‚†ô‚¢ü‚£õ‚£ª‚†ã‚†Ä‚†Ä‚°∞‚£ç‚†ì‚†Ä‚£í‚£´‚¢∑‚°Ñ‚†Ä‚†Ä
‚¢∏‚†ü‚†õ‚†ì‚†í‚†Å‚°ò‚††‚¢ä‚°©‚¢≤‚†§‚£¶‚£Ñ‚£â‚£Ä‚£†‚¢¥‚£Ø‚°ë‚¢å‚¢´‚†â‚†Ä‚†à‚†´‚†∑‚†∂‚†Ç
‚†Ä‚†Ä‚†Ä‚†Ä‚†Ä‚£º‚£¥‚†î‚†Å‚¢á‚†ò‚†∞‚†π‚°à‚°á‚£º‚†ò‚°ú‚¢Ñ‚†â‚†í‚¢ï‚£∑‚°Ä‚†Ä‚†Ä‚†Ä‚†Ä‚†Ä
‚†Ä‚†Ä‚†Ä‚†Ä‚†ê‚†ã‚†Ä‚†Ä‚†Ä‚°º‚°Ä‚°Ü‚†Ä‚°á‚£ß‚†É‚†ë‚†∫‚°±‚¢£‚†Ä‚†Ä‚†à‚†≥‚†Ä‚†Ä‚†Ä‚†Ä‚†Ä
‚†Ä‚†Ä‚†Ä‚†Ä‚†Ä‚†Ä‚†Ä‚†Ä‚°é‚£Æ‚†û‚†Ä‚†Ä‚¢∏‚£ø‚†Ä‚†Ä‚†Ä‚£ß‚¢∏‚†Ä‚†Ä‚†Ä‚†Ä‚†Ä‚†Ä‚†Ä‚†Ä‚†Ä
‚†Ä‚†Ä‚†Ä‚†Ä‚†Ä‚†Ä‚†Ä‚†Ä‚¢∑‚†Å‚†Ä‚†Ä‚†Ä‚†∞‚†á‚†Ä‚†Ä‚†Ä‚†ô‚†æ‚†∂‚†Ä‚†Ä‚†Ä‚†Ä‚†Ä‚†Ä‚†Ä‚†Ä",True
,148830230,"Leave invade sign, get backstabbed to death. 10/10",True
,148826687,Amazing game ahead,True
,148822399,Classic! One of the best souls games!,True
,129376746,"The first half of the game is honestly really fun, Blight Town isn't even that bad. But most of the bosses in this game are very underwhelming. But the boss runs are a completely different story, they are actually horrendous. There will never be a sale on this game, and the game has just aged badly. Couldn't recommend it.

Edit: Much better than Lords of the Fallen",True
,148821775,git gud,True
,148818256,"I'm sure once I play DS3 and Elden Ring again I'll remember how much better they are then this LOL but I had a really good time with this game. The first hour or so I hated it but after that I enjoyed (almost) every second, even though there's a LOT of jank that is absolutely awful lol. Like I love how the whole world is connected, but not being able to teleport between bonfires for the first half of the game sucks. There is also a lot of areas that I absolutely dread thinking about, but there's also so many memorable parts and places and so many things I really enjoyed seeing in DS3 as well. Also the co-op system is so awful, like you need a humanity (equivalent to an ember in DS3/furlcalling finger remedy in Elden Ring) but you need to scroll through the awful menu to find it, and once you use it, you need to sit down at the bonfire just to be able to actually activate it..and it's quite limited at the start but eventually you get a reliable source of it.. But even though this version of dark souls 1 is ""Remastered"" it still has its issues and jank and you can just tell its old lol. I definitely recommend playing this game solo, and I'm sure this game might be better if we had a lot more QOL changes from DS3 and Elden Ring, but regardless I really think Dark Souls 1 is one of the best!",True
,148816955,"Search Gwynevere 
Search Crossbreed Priscilla
Search Quelaag
Search Smough

Read that again 4 times but faster
Read that backwards",True
,148815536,"The Dark Souls of Dark Souls games. 

What I would consider the last seminal release of the AAA video game industry, a one-of-a-kind title even the original developer can't seem to fully re-capture the magic of. The cornerstone and main highlight of the game is the world and level design, everything is interconnected with multiple paths to reach different places with numerous shortcuts to help progression and ease backtracking. With no fast travel in the game until the last 20% or so this gives the game an incredible sense of immersion. 

Further helping with the game's immersion is its sparse use of music, reserving its sparse tracks for the games boss fights and only 4 in game areas; the only thing you will hear throughout most of this game is your own footsteps and the sounds of your environment. While there isn't much music each track is memorable, Gywn's theme, Firelink Shrine's theme and Sif's theme being highlights. 

Combat in this game is weighty where every action you make needs to be deliberate to succeed. Dark Souls difficulty is a bit of a meme, especially in the case of DS1 where the original PC release had the ""Prepare to Die"" subtitle. The game isn't really difficult, it just punishes bad behaviors and not thinking through what you're doing both in exploration and combat. Being too aggressive in combat and not watching your stamina will get you killed in enemy encounters. At the same time spamming dodges without paying attention to enemy patterns will also get you killed. While dodging has generous invincibility enemies will mix up their attack timing, delaying swings and changing patterns. You need to pay attention to both your opponent(s) and your surroundings and adjust each of your actions accordingly. 

For PVE the game is very balanced and offers numerous ways to build and outfit your character. Certain builds will struggle more with certain boss fights and situations but excel at others offering a lot of ways to play and replayability. Between the original release and the remaster I've played 4 very different builds and had a fun and interesting time with each. And despite not being able to re-spec a character on an individual playthrough the game has a ton of replay value with its varied quests, ambitious NG+ features and actually challenging (and farming heavy) achievements. 

While the story is pretty simple, the world's lore and overall tone of the game is incredibly engrossing. At the start of the game, you are given a good baseline of why your character is doing what they're doing and a broad foundation of the world you find yourself. However, by observing your environment for context clues and reading item descriptions you'll find a rich, in-depth lore that lets you have fun filling in the blanks yourself. This is complimented by countless memorable NPC, enemy, environment and weapon designs that still hold up all these years later. 

The remaster is generally an improvement, which with how poor the original PC port was isn't really a great accomplishment. The only major negative is that by changing the lighting system to a more ""realistic"" one the high contrast art style of the original is partially lost making some select areas and enemies look pretty bland compared to the original version of the game. The game still does look good overall however and you wouldn't really notice it unless you were very familiar with the original release. 

As for flaws with the game itself, I feel there are only 2 major ones. The first is that the games netcode is abysmal, PVP in all forms it takes is more funny than something that's really engaging because of how bad the rubberbanding and stuttering can be. Considering this a remastered re-release it‚Äôs disappointing nothing was done to address this issue that plagued the original (and all its sequels). Co-op is more forgiving in this regard, however if you are not the host there is still a good chance you can get a bad connection and just end up in a laggy, rubberbanding hell where none of your inputs will be read and acknowledge by the game until 10 seconds after you've pressed them. That being said there is no real reason you need to engage with the online functions of the game outside of trying to get certain covenant rewards. While the idea of invading or protecting other players' games sounds neat in concept the netcode makes it more of a headache in practice. That being said, all of this is entirely optional, you opt-in to the games online function by using an in-game consumable that basically gives you a status effect that enables the online functionality for you. So, by simply not using this item you never have to interact with these parts of the game. The less online intrusive elements like soap-stone messages and player ghosts are still as novel and enjoyable as they were at the time of release, however. 

The second flaw is the covenant system itself. Covenants are in game allegiances that offer certain rewards by ranking them up, normally through collecting certain items and engaging with some form of PVP or co-op. While the concept itself is fine none of these covenants explain how they work or what they reward when you find them in game. While a lot of stuff in Dark Souls is intentionally vague for lore or immersion reasons there is no reason for a player character to blindly join a covenant without being told what their about or what they offer to the player and is immersion breaking in itself. Outside of that this lack of explanation just leaves the player confused and forced to look up information online. This is something that could easily be fixed with in game dialogue from covenant heads or even info in the game menu when interacting with a covenant head. 

Now while I see these as flaws, they are both essentially optional systems (game is fully playable offline and you are never forced to interact with covenants), so they don't hamper the overall experience of the game. If you've not played it before I strongly recommend experiencing it, this is a classic title I grow to appreciate even more as time passes.",True
,148815185,Very fun if you're a masochist,True
,148814367,Not even close to the original experience due to BluePoint's arbitrary iterations on well-established themes that don't need to be changed but at least it's 60 fps and actually the only way to play on PC.,False
,148809493,"First Souls I ever played.
Gameplay is really good. Game map is extremely well constructed. The plot is hidden behind optional quest and dialogues - still you can find it on YouTube :)
Setting is dark and depressing. Game sounds and occasional music makes it even darker.
And talking about difficulty level - nothing to be worry about. I died so many times during first 30% of the game that my character grows so strong that rest of the game was really easy.",True
,148807405,Why are you reading this? Do you honestly not know what Dark Souls is? Buy it and play it already.,True
,148804485,"What is there to say. 11/10, would die again.",True
,148804324,i can't get past this partüò§üò°üò°üò°üò°ü§¨ü§¨üò§üò§,False
,148797939,pearl harbour 1941,True
,148793838,"Started with Elden Ring, going back and playing through all the Souls games minus Demon's Souls/Bloodborne because I don't have a Playstation, surely it'll come to PC soon right? My only frame of reference so far for Soulslikes is Elden Ring so if you don't like me comparing the two then stop reading.

I find it rather interesting that a lot of the DNA in Elden Ring can be found here in the original (sans Demon's Souls) in that there are a lot of diverging paths and exploration is on some level free-form. I was expecting a mostly linear experience but found it was actually pretty open-ended which was really neat, and stumbling randomly across new areas when I was just expecting a dead-end with some item was fantastic. The whole ""if you're stuck somewhere go some place else"" idea is present here as well, although the lack of fast travel until O&S ended up being really annoying for backtracking.

I was expecting to be more annoyed by the massive walks of shame but I got pretty used to them quickly. There are some that are more egregious than others, but the game teaches you to be patient and slow when exploring, so taking time to go back to the boss room wasn't as frustrating (unless I had to go through annoying enemies to get there.) The walks in this game make the run back to Placidusax look like child's play, since while it's pretty long with that fight, you can at least run past a lot of the enemies whereas in this game you often are pretty much forced to fight them unless you want to get stabbed in the back.

PvP is just as bad as Elden Ring, tried it out for a bit, and got teleport backstabbed by a gravekeeper UGS that one-shot me three times in a row before I gave up on trying to guess where he was on his screen due to latency. Speaking of, it's really neat and interesting to me that there are so many different PvP factions that often have unique mechanics. Makes me wonder what it was like in the hayday at peak activity. Kinda rare to get invaded in my playthroughs.

Damage scaling was a nice surprise but it took me one bricked build to realize that vigor is a stat you basically don't have to invest in for half the game. I got stuck on Moonlight on my first playthrough because my ZDPS dex build was failing to 6-round him and it was getting annoying. Read a thread that said you should be 3-rounding him and that re-speccing isn't in the game and got the hint. On my second I basically didn't even level Vigor at all for like half the game.

This game does Dual Bosses right which is a shame since Elden Ring seems to have deeply forgotten this methodology of design. O&S might be one of my favorite bosses now and it's comical to compare it to the foreskin duo in ER. That being said, while boss design in some respects is better, some are just kind of... bad? Capra Demon stands out to me since he's really aggressive and in a tiny room with two dogs that also rush you down, so there's basically nowhere to run and heal. Sure, you can just adapt by playing aggressive and using shield instead of trying to heal off all damage, but I can't help but feel like this fight would be more fun if you had A LITTLE more space between the enemies before they were on you and the arena were maybe... twice as large. with another arena that size placed horizontally? I don't know.

idk how to finish this off, I'll just say Claymore is my baby (love the rolling two-handed R1) and it's insane how they only have one ring slot in the game since one of them is permanently taken up by Ring of Favor and Protection. Moving on to Dark Souls 2 next, surely it can't be that bad right?",True
,148783970,"I have a kitten here. Friends who passed by can show affection by giving a like or a prize.
„ÄÄ„ÄÄ„ÄÄ„ÄÄ „ÄÄ„ÄÄ ÔºøÔºø
„ÄÄ„ÄÄ„ÄÄ „ÄÄ„ÄÄÔºèÔºû„ÄÄ„ÄÄ„Éï
„ÄÄ„ÄÄ„ÄÄ „ÄÄ„ÄÄ| „ÄÄ_„ÄÄ _ l
„ÄÄ „ÄÄ„ÄÄ „ÄÄÔºè` „ÉüÔºøx„Éé
„ÄÄ„ÄÄ „ÄÄ /„ÄÄ„ÄÄ„ÄÄ „ÄÄ |
„ÄÄ„ÄÄ„ÄÄ /„ÄÄ „ÉΩ„ÄÄ„ÄÄ Ôæâ
„ÄÄ „ÄÄ ‚îÇ„ÄÄ„ÄÄ|„ÄÄ|„ÄÄ|
„ÄÄÔºèÔø£|„ÄÄ„ÄÄ |„ÄÄ|„ÄÄ|
„ÄÄ| (Ôø£„ÉΩÔºø_„ÉΩ_)__)
„ÄÄ‰∫å„Å§,,,",True
,111299350,"DSR has its charm
just go slow, calm.
take your time",True
,148765662,Dark Souls  deserved its Golden Joystick Award as the Ultimate Game of All Time. It gets more fun as you get better.,True
,148764645,"One of my all time favorites. The multiplayer is annoying, but ya know, old school charm!",True
,83931356,"Have played through this game 2 times and the OG edition almost to completion a while ago. I quit my first time as I was not enjoying the whole feel of the game at all (I started out with DS2 back in the day and played that and DS3 before 1 which was a big reason for this) as it feels a bit slow and stiff nowadays. But I forced myself through eventually with DS1 R. I did not have alot of fun that time either, and especially in the second half as I did not even enjoy the gameplay, which is basically what carries that part of the game.

But this most recent time I actually had alot of fun which kind of surprised me. I do think it is due to me finally finding a weapon and playstyle that I actually enjoyed with the slower more deliberate gameplay. Earlier I went with dex/quality builds but this time I went full Zweihander and had so much more fun. Also inspired me to do a full playthrough of the series with Zweihander which I am currently very much enjoying.

The game itself is basically split into two parts. Everything up until Anor Londo is basically why this game is regarded as a masterpiece. More so in gameplay and the progression, as I do think the bosses are a bit of a mixed bag, even throughout the whole game in fact with not alot of truly great ones. But dang if the level design is not just incredible, and also the atmosphere. But the second half is actually kind of terrible. Bosses go from pretty good to the absolute worst I have met in a game and the levels are super uninspired in their design. The saving grace in the late game is the DLC which I think have the best bosses in the game by far (Artorias is really fantastic). I do not blame people for not getting through the second half (like myself lol), but I do think it is worth it in the end to get through it all.

Luckily I enjoyed the gameplay way more this time which made that second half much more enjoyable for me. Has very much opened up my eyes more why people still insist the first one is the best, even though it is such a flawed game. I still do not agree as DS3 is still my favorite due to it being great throughout, but at least I now like both DS1 and 2 the same (OG, not SotFS) as they both even out to a similar enjoyment level to me in the end (I liked DS2 way more than 1 back in the day, but I know that can be due to alot of nostalgia) I also think I would rather replay this than DS2 due this game being quite short in comparison. Pretty sweet game and series ofc.

8/10",True
,148761585,"Amazing game, but i can't recommend it",False
,148758560,its quite good. a bit hard though.,True
,148758014,This game stole identity and ruined my credit score. 10/10,True
,122899340,The souls are dark,True
,74935203,good game,True
,148747666,"No gain, just pain.",True
,148743282,everyone knows this is really good,True
,148352862,"This was my first Souls game. I had a really hard time getting into it. So much so that it took me three rage-uninstalls and four brand-new characters to finally commit to a full playthrough. But boy, when it clicked, it CLICKED. This is, in my opinion, one of the greatest games ever made. 

Pros:
-The level design is probably the greatest ever in gaming history. Every single area is a memorable experience. The game also rewards exploring these unique areas by giving you items, NPCs to talk to, and shortcuts that make your way to the boss easier and faster. 
-The enemy design, of both the common enemies and the bosses, is masterfully done. All of the bosses are unique. They look badass and creepy. 
-The soundtrack is amazing. I sometimes visit Firelink Shrine just to chill and listen to music.
-This is a FromSoft game. So, naturally, the combat is the strongest point of the game. It's rewarding and extremely fun. Getting better after every try against a boss and finally defeating them after hours of trial and error is the most satisfying thing I have ever experienced in any game I have ever played.

Cons:
-Some areas have just a little bit too much bullsh*t. Sometimes it can be helpful to just put the game down, clear your mind, and come back the next day when you feel frustrated about some of that bullsh*t. 
-The game can be too vague at times. [spoiler] Accessing the DLC is an entire quest for no reason at all. I also remember needing to check a guide to find the door that went to the Lower Undead Burg after running around like a mad man trying to find a big door. [/spoiler] But 95% of the time, the game will reward your exploration, and you will eventually find a way to progress.

Amazing game with a great lore. Made me fall in love with the franchise. 
9/10.




",True
,148739827,Timeless masterpiece. Changed my life. Thank you Dark Souls.,True
,148732126,"Dark souls a game that puts you into tough challenges, tip always spend your souls after you win large chunks of fights or bosses, DO NOT HORDE them, unless your level is higher. It can bite you back if you get to confident.

Also be warned new coming players.
Players with larger hours on the game will invade you with 99 humanity, fully upgraded armor and weapons, at a low level. 

They are called twinks, Run back to the closest bonfire and jump off the cliff, you can block them through the steam player recent play list, to never be invaded by them again, They completely ruin anything PVP wise, you will get one shotted no matter what. You can also deny them by entering boss rooms.

If those are looking for a solo experince to ignore it, set your game offline, but this removes message and bloodsplats, same for co-op summons.",True
,148733483,Going back to the OG feels like comfort food.,True
,148732305,One of the GOAT,True
,148729470,I've played 41 hours in 4.5 days. Dark souls 1 and 2 are some of the finest single player games I've ever known.,True
,148715505,"Crossbreed Priscilla feet, Plin Plin Plon, and Good girl Sif 10/10",True
,141479085,The Dark Souls of Dark souls games.,True
,148714518,Good game,True
,148714108,Mad / 10.. Recommended,True
,148705992,Good game. Would recommend to those who are okay with dying being a part of progression.,True
,148703897,"My first ever playthrough of the game and i can safely say that this game is super fun, but will whip your a%# all the way through. Originally tried playing over a year ago but gave up after first non tutorial boss but just gave it another go and am so glad i did. Also plenty of replay value and tons of challenge. Will say don't get this game if you want an easyish game as there are almost none of those in this game. Praise the Sun!!!!",True
,148703197,bed of chaos.,False
,148702553,masterpiece,True
,148698532,"Dark Souls 2 is bantha poodoo if you want to experience a fun game play Dark Souls 3 or Dark souls 1, do not pay attention to the people that wanna be german soldiers form 1945 your better than that!!!!!!",True
,148697984,need tail,True
,148695636,"Be safe friends, and don't you dare go hollow.",True
,148688513,BANGER TITLE ALERT ‚ÄºÔ∏è‚ÄºÔ∏è‚ÄºÔ∏è‚ÄºÔ∏è‚ÄºÔ∏è‚ÄºÔ∏è‚ÄºÔ∏è‚ÄºÔ∏è‚ÄºÔ∏è,True
,148688210,"it has black, and silver knights.",True
,148678985,"Just starting with the Souls series, this is truly a masterpiece. Highly recommend it. Great game.",True
,148670676,plin plin  plon,True
,148667317,"I want to smash the fair lady and her sister
oh yeah the game is decent too but the objectively better sequel makes this  feel like slobozia gaming",True
,148657866,"
‚†Ä‚†Ä‚†Ä‚†Ä‚†Ä‚†Ä‚†Ä‚†Ä‚†Ä‚†Ä‚†Ä‚†Ä‚†Ä‚†Ä‚†Ä‚†Ä‚†Ä‚†Ä‚†Ä ‚£Ä‚†Ä‚†Ä‚†Ä‚†Ä‚†Ä‚†Ä‚†Ä‚†Ä‚†Ä
‚†Ä‚†Ä‚†Ä‚†Ä‚†Ä‚†Ä‚†Ä‚†í‚¢∂‚£Ü‚†Ä‚†Ä‚†Ä‚¢∞‚£á‚†Ä‚†Ä‚†Ä‚†Ä‚£∏‚°á‚†Ä‚†Ä‚†Ä‚†Ä‚†Ä‚†Ä‚†Ä‚†Ä
‚†Ä‚†Ä‚†Ä‚†Ä‚†Ä‚†Ä‚†Ä‚†Ä‚£∏‚°õ‚°Ü‚†Ä‚†Ä‚°ú‚£ø‚†Ä‚†Ä‚°î‚°©‚°≤‚†É‚†Ä‚†Ä‚†Ä‚†Ä‚†Ä‚†Ä‚†Ä‚†Ä
‚†Ä‚†Ä‚†Ä‚†Ä‚¢¶‚£Ñ‚†Ä‚†Ä‚¢°‚¢£‚°ì‚†§‚°Ä‚°á‚°á‚°á‚†Ä‚°Ü‚†∏‚°Ö‚†Ä‚†Ä‚£†‚°¥‚†Ä‚†Ä‚†Ä‚†Ä‚†Ä
‚†Ä‚†Ä‚†Ä‚†Ä‚†Ä‚†ª‚°ª‚°¢‚¢Ñ‚†ë‚°å‚¢£‚£π‚£Å‚£á‚£∏‚°î‚£°‚¢Ä‚£á‚†§‚£∫‚†ü‚†Ä‚†Ä‚†Ä‚†Ä‚†Ä‚†Ä
‚†¥‚¢ø‚£≤‚£Ñ‚†Ä‚†Ä‚°±‚°å‚¢¢‚°©‚†õ‚†â‚†Ä‚†Ä‚†Ä‚†Ä‚†à‚†ë‚†ø‚°°‚¢ä‚†é‚¢Ä‚°§‚£î‚£¢‚†Ñ‚°∫‚†Ä
‚†Ä‚†Ä‚†ª‚£è‚†â‚†≠‚†¨‚£â‚†û‚¢Ä‚†§‚¢§‚£§‚°Ñ‚†Ä‚£Ñ‚£†‚¢§‚¢Ñ‚°ô‚°ü‚†ê‚°´‚¢ä‚†ñ‚†â‚†â‚†Ä‚†Ä
‚†Ä‚†Ä‚†Ä‚†à‚¢â‚£â‚°±‚°û‚†∞‚£•‚£æ‚£ø‚£ø‚°è‚†Ä‚°ø‚£ø‚£ª‚£∑‚†¨‚†∏‚£≠‚£î‚°ä‚†Ä‚†Ä‚†Ä‚†Ä‚†Ä
‚†§‚†¥‚¢∂‚£≠‚†•‚†§‚†§‚°á‚†Ä‚†Ä‚†Ä‚†Å‚††‚°ñ‚†Ä‚†∑‚°Ñ‚†Å‚†Ä‚†Ä‚†Ä‚†ß‚†Ä‚£à‚£©‚†ø‚†∂‚†Ü‚†Ä
‚†Ä‚†Ä‚†Ä‚†Ä‚£®‚¢ü‚£õ‚¢ø‚†Ä‚†Ä‚†Ä‚†Ä ‚†ò‚£õ‚£í‚°ã‚†Å‚†Ä‚†Ä‚†Ä‚£∏‚†ª‚°Å‚†Ä‚†Ä‚†Ä‚†Ä‚†Ä‚†Ä
‚†Ä‚£†‚†§‚†¥‚°£‚£´‚†Ñ‚°æ‚¢£‚°Ä‚†Ä‚†õ‚†ô‚¢ü‚£õ‚£ª‚†ã‚†Ä‚†Ä‚°∞‚£ç‚†ì‚£í‚£´‚¢∑‚°Ñ‚†Ä‚†Ä
‚¢∏‚†ü‚†õ‚†ì‚†í‚†Å‚°ò‚††‚¢ä‚°©‚¢≤‚†§‚£¶‚£Ñ‚£â‚£Ä‚£†‚¢¥‚£Ø‚°ë‚¢å‚¢´‚†â‚†à‚†´‚†∑‚†∂‚†Ç
‚†Ä‚†Ä‚†Ä‚†Ä‚†Ä‚£º‚£¥‚†î‚†Å‚¢á‚†ò‚†∞‚†π‚°à‚°á‚£º‚†ò‚°ú‚¢Ñ‚†â‚†í‚¢ï‚£∑‚°Ä‚†Ä‚†Ä‚†Ä‚†Ä‚†Ä
‚†Ä‚†Ä‚†Ä‚†Ä‚†ê‚†ã‚†Ä‚†Ä‚†Ä‚°º‚°Ä‚°Ü‚†Ä‚°á‚£ß‚†É‚†ë‚†∫‚°±‚¢£‚†Ä‚†Ä‚†à‚†≥‚†Ä‚†Ä‚†Ä‚†Ä‚†Ä
‚†Ä‚†Ä‚†Ä‚†Ä‚†Ä‚†Ä‚†Ä‚†Ä‚°é‚£Æ‚†û‚†Ä‚†Ä‚¢∏‚£ø‚†Ä‚†Ä‚†Ä‚£ß‚¢∏‚†Ä‚†Ä‚†Ä‚†Ä‚†Ä‚†Ä‚†Ä‚†Ä‚†Ä
‚†Ä‚†Ä‚†Ä‚†Ä‚†Ä‚†Ä‚†Ä‚†Ä‚¢∑‚†Å‚†Ä‚†Ä‚†Ä‚†∞‚†á‚†Ä‚†Ä‚†Ä‚†ô‚†æ‚†∂‚†Ä‚†Ä‚†Ä‚†Ä‚†Ä‚†Ä‚†Ä‚†Ä

‚°†‚†Ñ‚†Ä‚†Ä‚†Ä‚†Ä ‚†Ä‚†Ä
‚¢∏‚£Ä‚†ú‚¢Ñ‚°Ä‚†Ä‚†∞‚£∂‚£§‚£Ä‚†Ä‚†Ä‚£†‚†î‚†ö‚¢õ‚£õ‚£¶‚°Ä‚†Ä‚†Ä‚†Ä‚†Ä‚†Ä‚†Ä‚°ê‚†â‚†â‚¢∂‚†Ñ
‚†à‚¢Ö‚†Ä‚°à‚†±‚£Ñ‚†Ä‚†à‚†õ‚†ª‚¢∑‚°é‚°°‚£∂‚£ø‚£ø‚£ø‚¢ø‚£ø‚°Ä‚†Ä‚†Ä‚†Ä‚†Ä‚£¥‚£Ø‚£ù‚£≤‚†ä‚†Ä
‚†Ä‚†Ä‚††‚¢Ö‚¢Ä‚°é‚£∑‚£Ñ‚†Ä‚†Ä‚†Ä‚¢ø‚°∞‚†ä‚†Å‚†Ä‚†∏‚°º‚°è‚£á‚†Ä‚†Ä‚¢Ä‚£æ‚£ø‚£ø‚£ø‚°è‚†Ä‚†Ä
‚†Ä‚†Ä‚†Ä‚†à‚¢ª‚£æ‚£ø‚£ø‚£∑‚£§‚£Ä‚£º‚£ß‚°Ä‚†Ä‚£†‚†¥‚£ó‚£≥‚£º‚£Ñ‚£¥‚£ø‚£ø‚£ø‚£ø‚†ü‚†Ä
‚†Ä‚†Ä‚†Ä‚†Ä‚†Ä‚†ª‚£ø‚£ø‚£ø‚£ø‚£ø‚£ø‚£ø‚£ø‚£∂‚†è‚¢π‚†Å‚†Ä‚°ü‚¢π‚¢ø‚£ø‚£ø‚£ø‚°ü‚†Ä‚†Ä
‚†Ä‚†Ä‚†Ä‚†Ä‚†Ä‚†Ä‚†à‚†ª‚£ø‚£ø‚£ø‚£ø‚£ø‚£ø‚£ø‚†¶‚¢Ö‚£Ä‚£®‚£§‚†¥‚°û‚£ø‚£ø‚°ü‚†Ä‚†Ä‚†Ä
‚†Ä‚†Ä‚†Ä‚†Ä‚†Ä‚†Ä‚†Ä‚†Ä‚†ò‚†ª‚£ø‚£ø‚£ø‚£ø‚£ø‚†à‚†≤‚¢¶‚°æ‚£õ‚£æ‚£Å‚£∏‚†ã‚†Ä‚†Ä‚†Ä‚†Ä‚†Ä‚†Ä
‚†Ä‚†Ä‚†Ä‚†Ä‚†Ä‚†Ä‚†Ä‚†Ä‚†Ä‚†Ä‚†ò‚°ç‚°ø‚†ü‚¢ª‚°î‚†ö‚†ö‚£∑‚£º‚£æ‚†â‚¢π‚†É‚†Ä‚£Ä‚†Ä
‚†Ä‚†Ä‚†Ä‚†Ä‚†Ä‚†Ä‚†Ä‚†Ä‚†Ä‚†Ä‚†Ä‚¢±‚£∑‚†Ä‚†Ä‚¢ß‚†Ä‚†∏‚†ã‚†∏‚†å‚†É‚¢∏‚†Ä‚¢∞‚£ø‚†É‚†Ä
‚†Ä‚†Ä‚†Ä‚†Ä‚†Ä‚†Ä‚†Ä‚†Ä‚†Ä‚†Ä‚†Ä‚†Ä‚†π‚£ß‚†Ä‚£∏‚£§‚£§‚£∂‚£∂‚£∂‚£∂‚£æ‚£§‚£ø‚†É‚†Ä
‚†Ä‚†Ä‚†Ä‚†Ä‚†Ä‚†Ä‚†Ä‚†Ä‚†Ä‚†Ä‚†Ä‚†Ä‚†Ä‚¢ª‚£ø‚£ø‚†ø‚†ø‚†ø‚¢ø‚£ø‚£ø‚£ø‚£ø‚£ø‚£¶‚†Ä
‚†Ä‚†Ä‚†Ä‚†Ä‚†Ä‚†Ä‚†Ä‚†Ä‚†Ä‚†Ä‚†Ä‚†Ä‚†Ä‚£æ‚†É‚¢∏‚†Ä‚†Ä‚†Ä‚†Ä‚†Ä‚†Ä‚†â‚£ø‚†ø‚†è‚†Ä‚†Ä‚†Ä‚†Ä
‚†Ä‚†Ä‚†Ä‚†Ä‚†Ä‚†Ä‚†Ä‚†Ä‚†Ä‚†Ä‚†Ä‚†Ä‚¢∞‚¢π‚†Ä‚¢∏‚†Ä‚†Ä‚†Ä‚†Ç‚†Å‚†Ä‚†Ä‚¢ø‚†Ä‚†Ä‚†Ä‚†Ä‚†Ä‚†Ä
‚†Ä‚†Ä‚†Ä‚†Ä‚†Ä‚†Ä‚†Ä‚†Ä‚†Ä‚†Ä‚†Ä‚†Ä‚£á‚¢∏‚£§‚£º‚£Ä‚£Ñ‚£Ä‚°Ä‚°Ä‚¢Ä‚£Ä‚°∏‚†Ñ‚†Ä‚†Ä‚†Ä‚†Ä‚†Ä
‚†Ä‚†Ä‚†Ä‚†Ä‚†Ä‚†Ä‚†Ä‚†Ä‚†Ä‚†Ä‚†Ä‚†Ä‚†Ä‚¢π‚£ø‚£ø‚£ø‚£ø‚£ø‚£ø‚£ø‚£ø‚°á‚†Ä‚†Ä‚†Ä‚†Ä‚†Ä‚†Ä‚†Ä
‚†Ä‚†Ä‚†Ä‚†Ä‚†Ä‚†Ä‚†Ä‚†Ä‚†Ä‚†Ä‚†Ä‚†Ä‚†Ä‚†Ä‚£ø‚£ø‚†ü‚†â‚†ô‚°ø‚†ã‚¢π‚†á‚†Ä‚†Ä‚†Ä‚†Ä‚†Ä‚†Ä‚†Ä
‚†Ä‚†Ä‚†Ä‚†Ä‚†Ä‚†Ä‚†Ä‚†Ä‚†Ä‚†Ä‚†Ä‚†Ä‚†Ä‚†Ä‚£ø‚£Ö‚£Ä‚£Ä‚£§‚°∑‚†∂‚°ø‚†Ä‚†Ä‚†Ä‚†Ä‚†Ä‚†Ä‚†Ä‚†Ä
‚†Ä‚†Ä‚†Ä‚†Ä‚†Ä‚†Ä‚†Ä‚†Ä‚†Ä‚†Ä‚†Ä‚†Ä‚†Ä‚†Ä‚°á‚†Ä‚†Ä‚†Ä‚¢∏‚†É‚£∏‚†É‚†Ä‚†Ä‚†Ä‚†Ä‚†Ä‚†Ä‚†Ä‚†Ä
‚†Ä‚†Ä‚†Ä‚†Ä‚†Ä‚†Ä‚†Ä‚†Ä‚†Ä‚†Ä‚†Ä‚†Ä‚†Ä‚†Ä‚£∑‚†Ä‚†Ä‚†Ä‚£ø‚¢†‚°á‚†Ä‚†Ä‚†Ä‚†Ä‚†Ä‚†Ä‚†Ä‚†Ä‚†Ä
‚†Ä‚†Ä‚†Ä‚†Ä‚†Ä‚†Ä‚†Ä‚†Ä‚†Ä‚†Ä‚†Ä‚†Ä‚†Ä‚†Ä‚†∏‚°Ñ‚†Ä‚¢∞‚£á‚£∏‚†Ä‚†Ä‚†Ä‚†Ä‚†Ä‚†Ä‚†Ä‚†Ä‚†Ä‚†Ä
‚†Ä‚†Ä‚†Ä‚†Ä‚†Ä‚†Ä‚†Ä‚†Ä‚†Ä‚†Ä‚†Ä‚†Ä‚†Ä‚†Ä‚†Ä‚°ü‚†õ‚†õ‚¢Ø‚°â‚¢≥‚°Ä‚†Ä‚†Ä‚†Ä‚†Ä‚†Ä‚†Ä‚†Ä‚†Ä
‚†Ä‚†Ä‚†Ä‚†Ä‚†Ä‚†Ä‚†Ä‚†Ä‚†Ä‚†Ä‚†Ä‚†Ä‚†Ä‚†Ä‚†Ä‚†≥‚†§‚†§‚†¨‚†è‚†â‚†Ä‚†Ä‚†Ä",True
,147823471,Bed of Chaos,False
,148654000,One of the greatest pieces of video game media ever created,True
,148644693,"I have said ""This game sucks"" audibly while playing this game, so you know it's gotta be good",True
,148641119,Good,True
,148636594,needs a battle royal mode.,True
,109824834,They call me john dark soul,True
,148629845,I abused havel armor and black knight halberd,True
,148625705,"Good game, good old dark Souls",True
,73788819,"Honestly, the souls games are basically really good 3D metroidvanias with secret bosses and hidden secrets, but everything tries to kill you and you cry a lot when you get to Ornstein and Smough",True
,148615481,"Stuff hits you, you die. 
You hit stuff, they die.
You read descriptions, you cry.",True
,148612725,"this game gives you feeling of an adventure: no maps, very few directions, unexpected enemies and shortcuts everywhere, just don't read online manuals and guides

amazing

combat is relatively simple compared to sekiro or elden ring, but it's good enough to still be enterntaining in 2023",True
,42268649,Lazy made cash grab with all the same problems as the original for only $56.95. Should have been free like the Darksiders and Skyrim remasters. (ONLY BUY THIS FOR THE DS3 STYLE MULTIPLAYER SYSTEM),False
,148603026,"While the fluidity of the combat in this game does not meet that of Elden Ring or Dark Souls 3, there is one thing that pretty much makes up for that in its entirety. The world exploration of Dark Souls is some of the best out there. As someone who went from ER to DS3 to DS2 to DS, I was initially worried about not having fast travel*, but I found that the inter-connectivity of the world completely makes up for it. While you have to do a lot more running than other Fromsoft games, it actually becomes enjoyable because you are finding all these cool ways to connect different parts of the world with each other in order to make travel easier. 

When it comes to combat, this game doesn't fall short either. While I personally believe it is worse than ER or DS3 combat, the slower, heavier feel of Dark Souls can be more enjoyable to others. It is also certainly better than DS2 combat. 

*You enable fast travel at a later point in the game",True
,148602600,nice,True
,148599799,classic,True
,148590331,I genuinely hate this game because of the level design. 10/10,True
,148587038,it good game get gAME HAVE FUN TIMES,True
,148583836,im just a hollow dirtbag baby,True
,103656847,Amazing game.,True
,148580141,"""The Way I See It, Our Fates Appear To Be Intertwined.""",True
,148578639,Horrible platform design,False
,148576451,"This game made me feel incredibly violent and caused me to aggressively harass my family for weeks.

Loved it, can't wait to play it again!",True
,147324388,"Finished the game for the first time. Amazing game play, story and mechanics. 10/10. will go for the second ending soon
Edit: Got all achievements in 124hrs, not a speed run but still a flex",True
,148571291,"It's the ultimate game of all time for a reason. I wouldn't say it's for everyone, but it is an incredible game that I will always hold close to my heart.",True
,148569347,My favorite game,True
,148569130,don't know how but axel managed to throw my games here as well,True
,148568789,EZCLAP,True
,89250240,good,True
,148558365,"Boot up the game for the first time, unable to connect to the server cannot retrieve system info, try reloading, try reverifying files. finally, look up what other says (You have been soft-banned). Amazing how I can be soft banned with 5 mins of game time all spent trying to login and having no save files, cannot access information or perform other method. 

Wow, amazing severs its so great that I cant play this game online its just like im playing the game for the first time on my ps3 when I didnt have wifi truly the perfect port.",False
,148556445,good shit,True
,148548565,"This game is officially the Ultimate Game Of All Time by the Golden Joystick Award

It's a masterpiece",True
,148540142,It is always great to return to ds1,True
,148527672,"worst game ever made, simple
",False
,148524558,Just play it already.,True
,147520705,"When you play DS1, if you have already finished playing DS3, as likely as not, you can feel the hilarious feeling in this game as well as when you played DS3. And this game has some kinds of disadvantages, like you can't use the function of a fast moving bonfire. Then have a great time with Solaire of Astora :))",True
,148519278,Plin Plin Plon,True
,148507260,Whoever thought of Bed of Bullsh*t ruined this game,True
,148516571,"Lots of welcome QoL changes added that the original PC release was sorely lacking, such as 60fps without physics bugs, L3 jump, and items not automatically filling the hotbar.",True
,148516202,yea its a good game.  i like,True
,148515228,realmente esse e o dark souls dos dark souls,True
,148510511,PRAISE THE SUN,True
,148510110,"Is this a good game? 
Yes.

Is this game enjoyable?
If you enjoy strapping elastic bands around your nuts, you will enjoy this game.",True
,148501371,nah,False
,148500997,9/10,True
,148497901,THE worst dark souls game in the series,False
,148496486,"Since we have much better FromSoftware games like Bloodborne, Sekiro and even Demons Souls Remake, I see little reason to play this obtuse game.",False
,148492104,It¬¥s POGGERS.,True
,148486755,this is the dark souls of video games,True
,148480960,"Taxation is theft

-John DarkSoul
",True
,148477304,havel gaming,True
,148476158,"Wiki needed ahead 

Great game but fuck manus combo",True
,148475962,its sick,True
,148472670,fire ass story,True
,148472264,the best,True
,148471230,"It's... Dark Souls. Amazing level design for the first half of the game, shame the second half was rushed. 
Don't pick thief or master key on your first playthrough, those two things will ruin the sense of exploration and unlocking paths through the world.
Don't level resistance. Every stat you level increases your resistance to almost every damage type.
",True
,148469198,"Dark Souls.

The worst great videogame I have ever played.

Do you want to to fight your way through poison swamps, treacherous cliffs, and lava lakes, all whilst only being able to dodge in 4 directions. Do you want to get lost, wonder what the hell you are supposed to do to progress, only to figure out you need to spend 20,000 souls, kill a giant wolf, and loot some dead guys grave just to get a ring that lets you fall through a very dark pit? Do you want to fight two bosses at once, or one incredibly frustrating flaming tree? Do you want to fall off of cliff after cliff after cliff, or get stuck in a corner and beat to death. Do you hate dogs? Do you like big booby women? Do you hate yourself? Do you love torture.

If you answered all of these questions with ""Yes, I DO!"", rethink your life. If that doesn't fix you, play dark souls.

I hate this game but I had so much fun playing it.",True
,148469111,nada que las otras personas no han dicho antes es un juegazo que todos deberian jugar al menos 1 vez en su vida,True
,148468385,Plin plin plon,True
,148468311,"Not bad. 
It's fun, challenging, sometimes frustrating. It's Dark Souls.",True
,148465666,"What a triumph! This game is far from perfect, but despite it's flaws, this is one of the best game play experiences I've had. I mean, I played this after beating Elden Ring several times over, beating bloodborne, beating Dark Souls 3, and I gotta say....damn this was hard. pretty challenging just because the pacing is so different from those other titles mentioned and it's retraining my brain and when I need to dodge roll or attack. 

A masterpiece title and one that I'm glad I experienced in an already amazing year for games.

8.9/10",True
,148465446,"Best game series out there, the first of the three. =) Amazing",True
,148463431,Plin Plin Plon,True
,148463304,"This is the best way to experience Dark Souls 1 - one of the best games From Software ever made. The world building is absolutely perfect, I still remember the routes and could roam the world for hours. Some of the most iconic bosses of the whole Soulsborne-Universe.",True
,148463189,the only real game,True
,148457146,"Very charming, down to earth feel on one hand that somehow feels completely at home alongside the magnificence on the other! Ash lake is my favourite place in fantasy!",True
,148454278,"Definitely worth the hype, although a bit clunky and rage inducing (especially the dlc bosses), I thoroughly enjoyed this game and the challenge it provided. The world and environment is also really beautiful despite being in such a bleak state",True
,148452659,Hard but great game,True
,148450596,good,True
,148449899,"ÿ¨ŸäÿØÿ© 
6/10
ÿßŸÑÿ±ÿ≥ŸàŸÖ ŸÖŸÇÿ®ŸàŸÑÿ© 
ÿßŸÑŸÇÿµÿ© ÿ≥Ÿäÿ¶ÿ© 
ÿßŸÑŸÇŸäŸÖÿ®ŸÑÿßŸä Ÿà ÿ™ÿµŸÖŸäŸÖ ÿßŸÑŸÖÿ±ÿßÿ≠ŸÑ ŸÖŸÖÿ™ÿπ 
ÿßŸÑÿ≤ÿπŸÖÿßÿ° ŸÇÿ™ÿßŸÑŸáŸÖ ÿ≥ŸáŸÑ ŸàŸÖŸÖŸÑ 

ÿßŸÑŸÑÿπÿ®ÿ© ŸÅŸä ŸÜŸáÿßŸäÿ™Ÿáÿß ÿ™ÿµŸÑ ÿßŸÑŸâ ÿßŸÑŸÖŸÑŸÑ ŸÖŸÜŸáÿß ÿÆŸÑÿßÿµ ŸÖÿßŸàÿØŸÉ ÿ™ŸÉŸÖŸÑ ŸÖÿπ ÿßŸÜŸáÿß ŸÑŸäÿ≥ÿ™ ÿ®ÿßŸÑÿ∑ŸàŸäŸÑÿ© ÿßÿµŸÑÿß
___
ÿßŸÑÿ¨ÿ≤ÿ° ÿßŸÑÿ´ÿßŸÜŸä ŸÖÿ™ŸÅŸàŸÇ ÿ®ÿ¥ŸÉŸÑ ŸÉÿ®ŸäŸäÿ± ÿπŸÜ ÿßŸÑÿ¨ÿ≤ÿ° ÿßŸÑÿßŸàŸÑ 
",True
,148446971,"i beg you, play this game",True
,148441181,Speedrun with Black Knight Halberd: The Game,True
,148440392,"this is my first souls game and it got me hooked to the series. Love it, love it, DS3 is the best but this is the start of that beautifull hard and fun jurney <3",True
,148436962,addicted and obsessed,True
,148427606,Great chest ahead,True
,148427520,ŸÅŸÜ ŸÑŸÉŸÜ ŸÖŸÅŸäŸáÿßÿ¥ ÿ®ŸÜÿßÿ™ 9.1/10,True
,148422921,still awful,False
,148422410,"Maybe the Dark Soul was the friends we killed along the way
",True
,148422406,The Bed of Chaos was an incredibly unique boss design. Truly ahead of its time. Can't praise this game enough.,True
,148421358,hauntingly liminal,True
,148420647,"for anyone coming from dark souls 3, sekiro, bloodborne, etc. (like i did) you might hate this game at first, just give it time, and take it slow, use a shield, this game is really fun just dont expect dark souls 3",True
,148420069,This might be my favorite game of all time,True
,148418309,"playing Dark Souls
got invaded
Red invader
he found me
he didn't attack
I thought he wanted a duel somewhere spacious
brought him to a clearing, still doesn't attack
signal me to follow him
*followed him, out of curiosity*
he took me to the next bonfire, and left

what's this wholesome online interaction? I am not used to this",True
,148416339,I love this stupid ass game,True
,148415496,If you like rpgs you'll like this if you're a masochist you'll love this.,True
,148415165,"This remaster is the best way to play Dark Souls, a challenging (and SATISFYING!) Action RPG. There's a reason the ""Soulslike"" genre exists, and this game and Demon's Souls started it all!",True
,148413843,super fun game should try,True
,148409463,Masterpiece,True
,95857420,"I've played hundreds of hours on several platforms. Even after all these years, I still find it to be one of the best games of all time. The level design, the lore, the in-game ambience and mood; few games compare to it. It's punishing to the reckless and rewarding to the ones who persevere. Dark Souls is a tightrope-walk between dread and blissful elation.",True
,141152218,A flawed masterpiece,True
,148395018,plin plin plon,True
,148393010,Tis very fun,True
,148392639,"I have never felt so happy after finishing a game, the way some of these boss make you feel after beating them is absolutely crazy.",True
,122516922,"yes, feels like a lucid dream... this is the best souls",True
,148390927,"‚†Ä‚†Ä‚†Ä‚†Ä‚†Ä‚†Ä‚†Ä‚†Ä‚†Ä‚¢Ä‚£§‚£§‚£Ñ‚†Ä‚†Ä‚†Ä‚†Ä‚†Ä‚†Ä‚†Ä‚†Ä‚†Ä‚†Ä‚†Ä‚†Ä‚†Ä‚†Ä‚†Ä‚†Ä‚†Ä‚†Ä‚†Ä‚†Ä‚†Ä‚†Ä‚†Ä‚†Ä‚†Ä‚†Ä‚†Ä
‚†Ä‚†Ä‚†Ä‚†Ä‚†Ä‚†Ä‚†Ä‚†Ä‚†Ä‚†ª‚£ø‚£ø‚£ø‚°Ñ‚†Ä‚†Ä‚†Ä‚†Ä‚†Ä‚†Ä‚†Ä‚†Ä‚†Ä‚†Ä‚†Ä‚†Ä‚†Ä‚†Ä‚†Ä‚†Ä‚†Ä‚†Ä‚†Ä‚†Ä‚†Ä‚†Ä‚†Ä‚†Ä‚†Ä‚†Ä
‚†Ä‚†Ä‚†Ä‚†Ä‚†Ä‚†Ä‚†Ä‚†Ä‚†Ä‚†Ä‚†ô‚£Ø‚£ø‚†Ä‚†Ä‚†Ä‚†Ä‚†Ä‚†Ä‚†Ä‚†Ä‚†Ä‚†Ä‚†Ä‚†Ä‚†Ä‚†Ä‚†Ä‚†Ä‚†Ä‚†Ä‚†Ä‚†Ä‚†Ä‚†Ä‚†Ä‚†Ä‚†Ä‚†Ä‚†Ä
‚†Ä‚†Ä‚†Ä‚†Ä‚†Ä‚†Ä‚†Ä‚†Ä‚†Ä‚†Ä‚†Ä‚¢π‚£ø‚°Ä‚†Ä‚†Ä‚†Ä‚†Ä‚†Ä‚†Ä‚†Ä‚†Ä‚†Ä‚†Ä‚†Ä‚†Ä‚†Ä‚†Ä‚†Ä‚†Ä‚†Ä‚†Ä‚†Ä‚†Ä‚†Ä‚†Ä‚†Ä‚†Ä‚†Ä‚†Ä
‚†Ä‚†Ä‚†Ä‚†Ä‚†Ä‚†Ä‚†Ä‚†Ä‚†Ä‚†Ä‚†Ä‚†à‚£ø‚£á‚†Ä‚†Ä‚†Ä‚†Ä‚†Ä‚†Ä‚†Ä‚†Ä‚†Ä‚†Ä‚†Ä‚†Ä‚†Ä‚†Ä‚†Ä‚†Ä‚†Ä‚†Ä‚†Ä‚†Ä‚†Ä‚†Ä‚†Ä‚†Ä‚†Ä‚†Ä
‚†Ä‚†Ä‚†Ä‚†Ä‚†Ä‚†Ä‚†Ä‚†Ä‚†Ä‚†Ä‚†Ä‚†Ä‚¢ª‚¢∫‚°Ñ‚†Ä‚†Ä‚†Ä‚†Ä‚†Ä‚†Ä‚†Ä‚†Ä‚†Ä‚†Ä‚†Ä‚†Ä‚†Ä‚†Ä‚†Ä‚†Ä‚†Ä‚†Ä‚†Ä‚†Ä‚†Ä‚†Ä‚†Ä‚†Ä‚†Ä
‚†Ä‚†Ä‚†Ä‚†Ä‚†Ä‚†Ä‚†Ä‚†Ä‚†Ä‚†Ä‚†Ä‚†Ä‚¢∏‚°è‚£ß‚£Ä‚£Ä‚£Ä‚°Ä‚†Ä‚†Ä‚†Ä‚†Ä‚†Ä‚†Ä‚†Ä‚†Ä‚†Ä‚†Ä‚†Ä‚†Ä‚†Ä‚†Ä‚†Ä‚†Ä‚†Ä‚†Ä‚†Ä‚†Ä‚†Ä
‚†Ä‚†Ä‚†Ä‚†Ä‚†Ä‚†Ä‚†Ä‚†Ä‚†Ä‚†Ä‚¢∂‚£ø‚£ã‚£ü‚†≠‚£ø‚£ø‚†ü‚†Å‚†Ä‚†Ä‚†Ä‚†Ä‚†Ä‚†Ä‚†Ä‚†Ä‚†Ä‚†Ä‚†Ä‚†Ä‚†Ä‚†Ä‚†Ä‚†Ä‚†Ä‚†Ä‚†Ä‚†Ä‚†Ä
‚†Ä‚†Ä‚†Ä‚†Ä‚†Ä‚†Ä‚†Ä‚†Ä‚†Ä‚†Ä‚†Ä‚†Ä‚†à‚¢ª‚£ø‚£≠‚°á‚†Ä‚†Ä‚†Ä‚†Ä‚†Ä‚†Ä‚†Ä‚†Ä‚†Ä‚†Ä‚†Ä‚†Ä‚†Ä‚†Ä‚†Ä‚†Ä‚†Ä‚†Ä‚†Ä‚†Ä‚†Ä‚†Ä‚†Ä
‚†Ä‚†Ä‚†Ä‚†Ä‚†Ä‚†Ä‚†Ä‚†Ä‚†Ä‚†Ä‚†Ä‚†Ä‚†Ä‚¢∏‚°è‚¢Æ‚£≥‚°Ñ‚†Ä‚†Ä‚†Ä‚†Ä‚†Ä‚†Ä‚†Ä‚†Ä‚†Ä‚†Ä‚†Ä‚†Ä‚†Ä‚†Ä‚†Ä‚†Ä‚†Ä‚†Ä‚†Ä‚†Ä‚†Ä‚†Ä
‚†Ä‚†Ä‚†Ä‚†Ä‚†Ä‚†Ä‚†Ä‚†Ä‚†Ä‚†Ä‚†Ä‚†Ä‚†Ä‚¢ª‚°ø‚£¶‚£ø‚°á‚†Ä‚†Ä‚†Ä‚†Ä‚†Ä‚†Ä‚†Ä‚†Ä‚†Ä‚†Ä‚†Ä‚†Ä‚†Ä‚†Ä‚†Ä‚†Ä‚†Ä‚†Ä‚†Ä‚†Ä‚†Ä‚†Ä
‚†Ä‚†Ä‚†Ä‚†Ä‚†Ä‚†Ä‚†Ä‚†Ä‚†Ä‚†Ä‚†Ä‚†Ä‚†Ä‚†Ä‚¢ø‚†¢‚£Ω‚£Ö‚†Ä‚†Ä‚†Ä‚†Ä‚†Ä‚†Ä‚£Ä‚†Ä‚†Ä‚†Ä‚†Ä‚†Ä‚†Ä‚†Ä‚†Ä‚†Ä‚†Ä‚†Ä‚†Ä‚†Ä‚†Ä‚†Ä
‚†Ä‚†Ä‚†Ä‚†Ä‚†Ä‚†Ä‚†Ä‚†Ä‚†Ä‚†Ä‚†Ä‚†Ä‚†Ä‚†Ä‚†∏‚°Ü‚¢§‚£ø‚°á‚†Ä‚†Ä‚†Ä‚†Ä‚£∏‚°ü‚†Ä‚†Ä‚†Ä‚†Ä‚†Ä‚†Ä‚†Ä‚†Ä‚†Ä‚†Ä‚†Ä‚†Ä‚†Ä‚†Ä‚†Ä
‚†Ä‚†Ä‚†Ä‚†Ä‚†Ä‚†Ä‚†Ä‚†Ä‚†Ä‚†Ä‚†Ä‚†Ä‚†Ä‚†Ä‚†Ä‚¢∑‚†∏‚£û‚°á‚†Ä‚†Ä‚†Ä‚†Ä‚°è‚¢ß‚†Ä‚†Ä‚†Ä‚†Ä‚†Ä‚†Ä‚†Ä‚†Ä‚†Ä‚†Ä‚†Ä‚†Ä‚†Ä‚†Ä‚†Ä
‚†Ä‚†Ä‚†Ä‚†Ä‚†Ä‚†Ä‚†Ä‚†Ä‚†Ä‚†Ä‚†Ä‚†Ä‚†Ä‚†Ä‚†Ä‚¢∏‚°Ñ‚£ø‚£∑‚†Ä‚†Ä‚†Ä‚†Ä‚¢ª‚°à‚¢£‚°Ä‚†Ä‚†Ä‚†Ä‚†Ä‚†Ä‚†Ä‚†Ä‚†Ä‚†Ä‚†Ä‚†Ä‚†Ä‚†Ä
‚†Ä‚†Ä‚†Ä‚†Ä‚†Ä‚†Ä‚†Ä‚†Ä‚†Ä‚†Ä‚†Ä‚†Ä‚†Ä‚†Ä‚†Ä‚†Ä‚£á‚¢∏‚£ø‚°Ü‚†Ä‚†Ä‚†Ä‚†Ä‚¢≥‚£¨‚£ß‚†Ä‚†Ä‚†Ä‚†Ä‚†Ä‚†Ä‚†Ä‚†Ä‚†Ä‚†Ä‚†Ä‚†Ä‚†Ä
‚†Ä‚†Ä‚†Ä‚†Ä‚†Ä‚†Ä‚†Ä‚†Ä‚†Ä‚†Ä‚†Ä‚†Ä‚†Ä‚†Ä‚†Ä‚†Ä‚¢π‚°à‚£ø‚£ß‚†Ä‚†Ä‚¢†‚°Ñ‚£∏‚£ø‚£ø‚†Ä‚†Ä‚†Ä‚†Ä‚†Ä‚†Ä‚†Ä‚†Ä‚†Ä‚†Ä‚†Ä‚†Ä‚†Ä
‚†Ä‚†Ä‚†Ä‚†Ä‚†Ä‚†Ä‚†Ä‚†Ä‚†Ä‚†Ä‚†Ä‚†Ä‚†Ä‚†Ä‚†Ä‚†Ä‚†à‚°á‚¢π‚£ø‚°Ä‚†Ä‚¢∏‚¢ß‚†ü‚¢π‚†á‚†Ä‚†Ä‚†Ä‚†Ä‚†Ä‚†Ä‚†Ä‚†Ä‚†Ä‚†Ä‚†Ä‚†Ä‚†Ä
‚†Ä‚†Ä‚†Ä‚†Ä‚†Ä‚†Ä‚†Ä‚†Ä‚†Ä‚†Ä‚†Ä‚†Ä‚†Ä‚†Ä‚†Ä‚†Ä‚†Ä‚£ø‚†∏‚£ø‚°á‚£†‚†ã‚¢æ‚£æ‚¢∏‚¢Ä‚°Ä‚†Ä‚†Ä‚†Ä‚†Ä‚†Ä‚†Ä‚†Ä‚†Ä‚†Ä‚†Ä‚†Ä‚†Ä
‚†Ä‚†Ä‚†Ä‚†Ä‚†Ä‚†Ä‚†Ä‚†Ä‚†Ä‚†Ä‚†Ä‚†Ä‚†Ä‚¢Ä‚°ñ‚†Ä‚†∏‚£ø‚£∂‚£ø‚£∑‚°è‚¢∞‚°ø‚¢ø‚†è‚£∏‚°á‚†Ä‚†Ä‚†Ä‚†Ä‚†Ä‚†Ä‚†Ä‚†Ä‚†Ä‚†Ä‚†Ä‚†Ä
‚†Ä‚†Ä‚†Ä‚†Ä‚†Ä‚†Ä‚†Ä‚†Ä‚†Ä‚†Ä‚†Ä‚†Ä‚†Ä‚£ø‚°á‚†Ä‚£¥‚¢ã‚£ø‚£ø‚£ø‚†á‚°ü‚†Å‚£è‚†Ä‚£ø‚£ß‚†Ä‚†Ä‚†Ä‚†Ä‚†Ä‚†Ä‚†Ä‚†Ä‚†Ä‚†Ä‚†Ä‚†Ä
‚†Ä‚†Ä‚†Ä‚†Ä‚†Ä‚†Ä‚†Ä‚†Ä‚†Ä‚†Ä‚†Ä‚†Ä‚£∞‚°û‚£è‚¢¶‚†á‚¢∏‚°ø‚¢ø‚†ã‚¢Ä‚£§‚£Ä‚°ò‚¢¶‚°ü‚¢∏‚£Ü‚†Ä‚†Ä‚†Ä‚†Ä‚†Ä‚†Ä‚†Ä‚†Ä‚†Ä‚†Ä‚†Ä
‚†Ä‚†Ä‚†Ä‚†Ä‚†Ä‚†Ä‚†Ä‚†Ä‚†Ä‚†Ä‚†Ä‚†Ä‚¢π‚£ø‚†É‚¢Ä‚£¥‚°Ü‚†Ä‚†Ä‚†à‚£π‚£ø‚°∑‚†Ü‚†Ä‚£ß‚†à‚¢ø‚†Ä‚†Ä‚†Ä‚†Ä‚†Ä‚†Ä‚†Ä‚†Ä‚†Ä‚†Ä‚†Ä
‚†Ä‚†Ä‚†Ä‚†Ä‚†Ä‚†Ä‚†Ä‚†Ä‚†Ä‚†Ä‚†Ä‚¢†‚†ú‚¢Å‚°¥‚†ã‚°Ä‚†ô‚¢Ñ‚†Ä‚£∞‚£ø‚£ü‚†ì‚†Ä‚†Ä‚¢â‚£¥‚†ã‚†Ä‚†Ä‚†Ä‚†Ä‚†Ä‚†Ä‚†Ä‚†Ä‚†Ä‚†Ä‚†Ä
‚†Ä‚†Ä‚†Ä‚†Ä‚†Ä‚†Ä‚†Ä‚†Ä‚†Ä‚£§‚¢∞‚°è‚°†‚†ä‚¢Ä‚°¥‚£á‚†Ä‚¢Ä‚°û‚†â‚†õ‚†Ä‚°Ä‚¢Ä‚£Ñ‚£©‚†å‚†ô‚¢¶‚†Ä‚†Ä‚†Ä‚†Ä‚†Ä‚†Ä‚†Ä‚†Ä‚†Ä‚†Ä
‚†Ä‚†Ä‚†Ä‚†Ä‚†Ä‚†Ä‚†Ä‚†Ä‚†Ä‚£∏‚£ø‚¢£‚†∂‚†ñ‚†ä‚¢Ä‚£à‚†â‚£π‚°∑‚¢Ä‚£¥‚°Ø‚†î‚£õ‚°µ‚†Å‚£†‚°è‚†∏‚£Ü‚†Ä‚†Ä‚†Ä‚†Ä‚†Ä‚†Ä‚†Ä‚†Ä‚†Ä
‚†Ä‚†Ä‚†Ä‚†Ä‚†Ä‚†Ä‚†Ä‚†Ä‚¢π‚°ø‚¢ø‚†ü‚†Ä‚£∞‚°û‚†â‚£ø‚°∑‚†á‚†É‚£†‚¢¥‚£∂‚£æ‚°ã‚¢Ä‚°¥‚£Ω‚†Å‚†Ä‚†ò‚£è‚£Ä‚¢∞‚£Ü‚†Ä‚†Ä‚†Ä‚†Ä‚†Ä
‚†Ä‚†Ä‚†Ä‚†Ä‚†Ä‚£†‚£∂‚£∂‚£Ö‚£†‚£∂‚†Ä‚†í‚†ü‚¢Å‚°¥‚†ã‚†Ä‚†Ä‚†Ä‚¢π‚£ø‚£ø‚°ã‚£ß‚¢∏‚°á‚°è‚£Ä‚£Ä‚†Ä‚†ô‚£ø‚£â‚†ô‚¢§‚°Ñ‚†Ä‚†Ä‚†Ä
‚†Ä‚†Ä‚£†‚£¥‚£∫‚¢ø‚£ø‚£ø‚°õ‚†õ‚†ø‚†ø‚£Ø‚£∑‚°≤‚£∂‚£ü‚£ª‚°Ä‚†Ä‚£†‚£ø‚£ø‚£ñ‚£∏‚£®‚£ø‚†ø‚†õ‚£ª‚£ø‚£∂‚£æ‚£æ‚†á‚†Ä‚†ª‚£Ñ‚†Ä‚†Ä
‚†Ä‚£æ‚¢ü‚†ø‚†ø‚¢∂‚£Æ‚°ô‚¢è‚¢¢‚°Ä‚¢†‚°å‚£ø‚£ø‚°ø‚†ü‚°ø‚¢≥‚£º‚£ø‚£ø‚£ø‚£æ‚£ø‚£ß‚£§‚£§‚£§‚£ø‚£ø‚£≠‚£ø‚†Å‚†Ä‚†Ä‚£Ä‚£à‚£ß‚†Ä
‚¢∫‚£•‚¢ø‚†æ‚†ø‚†ø‚†ø‚°ø‚†ö‚¢ã‚£†‚†Ø‚£ø‚¢â‚¢â‚†ª‚†æ‚†õ‚¢ø‚£ø‚†ª‚†ø‚¢õ‚¢ã‚£§‚£Ø‚£≠‚†Ω‚†∂‚£æ‚£ª‚¢ø‚£ª‚¢ø‚†∂‚¢õ‚£ª‚°ø‚¢Ω‚†Ñ",True
,148385158,The best video game. Play it.,True
,147741332,"UNARGUABLY, ONE OF THE GAMES OF ALL TIME.",True
,148383962,"Between the PS3, Nintendo Switch & PC I've got almost 100 hours and for some reason I keep restarting when I get a bit over half way through the game like I just don't want to experience all the surprises yet and keep more of the mystery alive",True
,148379408,getting a seath tailcut is harder than bed of chaos you cant change my mind,True
,98491981,d,True
,42473631,Just play the original the remaster is barely any different and you can just use texture mods and get the same affect i cant believe they had the audacity to  call this remastered,True
,148373425,"Fuck this game, was stuck for 3 hours in the Tomb of the giants because I didn't have one item and had to do the biggest runback ever. Died so many times to those stupid bonewheel enemies trying to escape. The boss fights are fun but this area has made me give up. Gonna skip this and go back to Dark Souls 3 and Elden Ring.",False
,148369562,dark souls,True
,148365859,the best dating sim yet,True
,148365592,"I bought to this game because I love the other Dark Souls games and Elden Ring. This remaster is hands down the worst an most lazy remaster that I have ever payed. They changed nothing in terms of gameplay and very little in terms of graphics, pretty much just re-releasing a game that already didn't age well for a $40 price point.",False
,148365221,It's good,True
,148358136,"too many souls, not enough dark",True
,148357300,i like this game a lot,True
,148354082,gud,True
,101023273,I came,True
,148352748,good game,True
,148345714,gud gam,True
,148344448,jolly good show my lad!,True
,148343187,Masterpiece,True
,148340943,Praise the sun!!,True
,148336625,ain't sayin nun except tomb of the giants...,True
,148333125,"It's the Dark Souls that you fell in love with, except you don't have to mod it to not run like garbage. Finally getting to invade and dunk on kids in Sen's Fortress was some of the most fun I've ever had in a video game.",True
,148330046,"As a kid, I had a very dark soul, and the shadows of loneliness enveloped me. My solitary existence was my constant companion, leaving me feeling like an outsider in a world that I perceived as unrelentingly harsh. My solace came from Limp Bizkit's music, whose angsty tunes resonated deeply with my troubled soul. Fred Durst's raw and emotional lyrics were the soundtrack to my life, speaking to the darkness that consumed me.

But then, I discovered Dark Souls Remastered on Steam, a game that would alter the course of my journey. Just like Limp Bizkit's intense music, the game plunged me into a world of shadows, challenging me at every turn. It felt like I was confronting the abyss within me, just as Limp Bizkit's lyrics had done for years.

The brutal difficulty and relentless enemies in Dark Souls Remastered taught me lessons that Limp Bizkit's music couldn't. It was a reflection of my own life ‚Äì failures, setbacks, and relentless struggles. And much like Limp Bizkit's music, the game showed me that even in the darkest moments, there are glimpses of light.

The game's intricate level design and hauntingly beautiful landscapes hinted at the hope that I'd never allowed myself to see before. It was as if Fred Durst's lyrics had come to life in the game, reminding me that even the darkest souls have pockets of brightness.

Just like Limp Bizkit's music served as my therapy, Dark Souls Remastered became my escape and a source of inspiration. It helped me confront the abyss within my soul and provided the strength to overcome it. I realized that, much like Limp Bizkit's music, there's redemption even in the darkest corners of life.

As I write this review, I can't help but draw parallels between my life, Limp Bizkit's music, and Dark Souls Remastered. They've all been essential in guiding me from darkness to light, proving that even the darkest souls can be remastered and can have spaces where it's bright and light sometimes.

TLDR: Limp Bizkit's music, like Dark Souls Remastered, shines a light on the darkest corners of the soul. Both have shown me that even the darkest souls can find redemption, just like Limp Bizkit's lyrics resonate in the darkest moments of life.",True
,148323928,Wait until this is on sale. Then its worth it,True
,148322659,"The big classic, some stuff is dated, like the 4-way rolling, but still holds up. Second half gets a lot slower, but the DLC areas and bosses are really good. 8/10",True
,148320931,I like to die in HD,True
,140946711,"I wasn't quite sure what to expect during my first playthrough of DS1 as I had only played Elden Ring. I have to say the game still holds up very well to my surprise and it is still great for first time enjoyers. The bosses are amazing and to my surprise I still remember the name of almost all of the bosses which I typically can't which just shows how memorable each boss is. The gameplay is still amazing which I honestly wasn't expecting considering it was the first in the series (I know demon souls came out before dark souls but I'm referring to the dark souls series) I can't wait to get all the achievements for DS1 and playthrough DSII and DSIII. If you haven't tried this game before or are on the fence about it I highly recommend you give it a try.


I dread my rematch with the four kings",True
,148313019,"Very hard
Doggie fast
Pain",True
,148312529,I had to kill him three times...,True
,148310587,Shi Fya!!,True
,148309969,masterpiece,True
,148306987,this game is beautiful.,True
,147639068,its alr,True
,148300414,"My first game in the series it's really challenging but I got good, you should give it a try.",True
,148299311,"Fun!!!!!!!!!!
Frustrating!!!!!!!!
Addictive!!!!!!!!!!!!!!!!!!",True
,131480868,recommended,True
,147713296, ,True
,146259481,All of the souls are white.,True
,148284221,d,True
,148271410,"Legendary game!!! There's so much to do and it's fun to play even a 100th time. Best start to this genre and personally, my most favorite Souls game ever made! Epic gameplay, music, NPCs, story, possibilities and everything else. Everyone who likes RPGs should play this immediately. One of the best games ever made!!!
PS: Don't forget to engage in a JOLLY COOPERATION!!!
Love you Solaire!!! <3, PRAISE THE SUN!!!",True
,148271251,"DIE die Death no clues, no help.  Oh, and controls are s l o w.  Don't expect to roll and hit.  You roll, stand up, get your bearings, get hit and then maybe he might wake up and swing the sword.",False
,148269926,This game gives you character development,True
,148269187,Amazing chest ahead,True
,148259584,Awesome!! The Father of the Soulslike.,True
,148256197,Simple game mechanics. Bosses are well balanced.,True
,148252764,Play any other souls(like) game.,False
,148248299,The agony I experience whilst playing this game is incomparable to anything on earth but I absolutely adore it.,True
,148242449,Game does NOT work with a controller. This is the only FromSoftware game on steam where I have encountered this issue.,False
,148241563,"I've discovered that i'm most likely a masochist, but this is overall a good game ;)",True
,148241548,"Started with Dark Souls III
then played>Sekiro>Elden Ring>Bloodborne
such an exceptional franchise
recommend to watch VaatiVidya for full experience
10/10",True
,148241537,"Dis isu a goof gaME. It distractrs m,e from mommy and daddy fight.",True
,148236251,ONE OF THE WORSE REMASTERS OF ALL TIME. ARE YOU SERIOUS? THIS IS HORRIBLE.,False
,148235872,<3,True
,148228373,"So the hours posted here are wrong. I've been playing this game way longer, but I originally was on Xbox. I actually have around 900 hours in this game, but regardless I'm not here to brag about playtime. I'm here to review one of my favorite games of all time, while also shitting on how this is a horrible remaster. This game, as a lot of people know, is absolutely amazing. From its interconnected world, to its methodical and intricate combat, this game is a joy. I don't want to go way too in depth over the game itself, as this is the REMASTERED version, not the original. All you really need to know is if you're considering Dark Souls, then buy it and give it a shot. Worst case scenario you can refund it if it's not for you! If this is up your alley, however, then prepare yourself for a magical experience until you kill O&S and it goes down to being just a pretty good experience (then it becomes a masterpiece then with Artorias of the Abyss). One other thing, though, this is a wiki game. Just like games like Terraria and Barotrauma, this game wants you to look at the wiki and learn about it, as it's super convoluted. Don't feel ashamed for checking out the wiki!
Anyways, onto the remastered part: it sucks. I wasn't lucky enough to get PtDE before it got delisted, but looking at comparisons they are next to the same thing given you install a performance mod for PtDE that is widely available and easy to use. If you own PtDE, this game is just as dead so don't bother getting it for the multiplayer. This was how I got started as a sunbro, but it's dead now just like the original. As with the Vampire Survivors review, I won't be putting a number score here because number scores are BS in my opinion, but my overall verdict is that it's still Dark Souls I, but if you already own another version of DS1 then don't bother.",True
,148224435,This game is dark souls if you don't play it then you aren't a gamer... that's all i need to say,True
,141541434,Dark Souls Remastered is absolutely amazing with interesting maps to explore and fun yet challenging bosses to fight...... except lost izalith and the bed of chaos,True
,148219788,"The remastered one is better than the original one I have both of em so I know the differences
You can trust me:)

The game itself is already a legend so no words about it but I think Dark Souls 3 is a little bit better in terms of story telling",True
,148208045,"10/10 game. I still didn't git gud, tho",True
,148215207,really fun but challenging if you like those games,True
,148214798,slay all demonz,True
,98375780,A little dated but still enjoyable,True
,148197428,"Hard at first. But with each boss you kill, each enemy you slaughter, and with each time you yourself are ended. you will begin to learn the tells of a swing and the spacing of your sword. you will scrape at bosses until you grovel out a victory, you will make death runs until you can do it with your eyes closed, you will kill the same enemies over and over again. But for what you ask? It certainly is not fun to die and run back just to do it again. Well my friend, its when you first learn to parry the black knights, when you finally kill that one boss, when you find the coolest looking Armour, when you forge a great weapon out of souls and sweat, when after you have fought tooth and nail you come out on top. This game is great because its hard and unforgiving, This game is great because even though it was hard and unforgiving you didn't give up. Its great because it challenges you and respects the efforts you put into it. --- In short, I recommend this game to any who have not dared to play something so challenging, because it will show you what you can do if you really try. ---",True
,148193138,yes,True
,148179823,"I played this game for the first time in college. I spent a month indoors. I wore the same underwear throughout the duration of my time in Dark Souls. 

20/10 greatest game ever made.",True
,148179771,"Dark Souls Remastered is an absolute MUST for anyone into a good challenge. The remaster does an incredible job of giving the game a facelift, and the core gameplay is challenging and rewarding. The Dark Souls experience is something no other game can really give you, and it sets the stage for the next two souls games, Sekiro, and Eldin Ring. 10/10, highly recommend.",True
,148178398,If only I could be so grossly incandescent!,True
,148176717,Fun,True
,148176279,The Real Dark Soul Starts Here,True
,140648548,zweihander,True
,115067697,Lovely game,True
,148171706,The first boss is harder than the last boss.,True
,148170700,Great,True
,148170632,Amazing game and run in almost any machine,True
,148169802,YES!,True
,148162599,epic (recommended to fans of deep lore),True
,148162459,"What if you built an entire game around the respawn? What if THE RESPAWN were a game mechanic? I don‚Äôt know if this game is for me. I‚Äôm trying, but I feel as if the game punishes me for exploration. Combat is so rigid and tanklike, but not impossible. Still, every enemy does enormous damage and takes so many hit points to defeat. Took me a few tries to beat the first boss, but I did it. Everything after that has been so awkward. I meet skeletons, but fighting them is not worth it. What I‚Äôm reading about the game says it‚Äôs damn near impossible to conquer it without taking tips from the community, which tells me to avoid combat as much as possible and collect items instead. But what are these items? Why am I collecting them?

Why are minor enemies such a MAJOR EVENT to fight? Challenge stems from the clunky combat controls instead of anything deliberate. When I die, often it‚Äôs because the game didn‚Äôt respond when I wanted to roll, or didn‚Äôt block when I pushed the button. So far I‚Äôm not enjoying this, all of these stats and items. Why can‚Äôt I assign a throwing item to a quick slot for easy use? I can‚Äôt explore without facing enemies I can‚Äôt defeat. I can‚Äôt fight. I can‚Äôt outrun most of the enemies. What am I doing?

The whole game seems to be built around the idea of respawning: the game will kill you over and over, but that‚Äôs ok because you can just go back and figure out how to proceed from there. [b]When I progress, I don‚Äôt feel as if I‚Äôm getting better at the game‚Äôs internal logic, rather that I‚Äôm bypassing the game.[/b] What is the point of combat if you‚Äôre not supposed to fight most of the enemies? So far, I am not a fan of Dark Souls.",False
,148161952,"Game good, good weapons, enchantments, a nice variety of things you can do. Although its old it's still has a unique charm.",True
,92628739,OG Firelink Shrine will forever be my home,True
,148149430,"Great game, difficult to a degree, classic",True
,148144636,"A true masterpiece!
The best game to play when you are trying to chill.",True
,148140295,lots of feet,True
,148138634,It's Dark Souls,True
,145265835,this game is fucking perfect.,True
,106659246,"am a cat person after this
",True
,148133302,Please do not use Alt+F4 to exit the game or you will lose the archived progress of your wonderful day.,True
,148123985,"Berry great game. Probably not the best out of the 3 Dark Souls games due to it kinda being outdated already, but still a great game nevertheless.",True
,42485591,"THE BEST
THE BEST
THE BEST
THE BEST
THE BEST
THE BEST
THE BEST
THE BEST
THE BEST
THE BEST
THE BEST
THE BEST
THE BEST
THE BEST
THE BEST
THE BEST
THE BEST
THE BEST
THE BEST
",True
,111500055,"Every other boss feels cheap and unfair, the controls are clunky and the buffer system sucks, there is no clear guidance directing the player, many enemies undermine the combat of the game, blighttown exists, and bed of chaos is a dick. 

One of the greatest games ever made 10/10, git gud",True
,148112709,"‚£ø‚£ø‚£ª‚£Ω‚°ø‚£ø‚£é‚†ô‚£ø‚£û‚£∑‚°å‚¢ª‚£ü‚£ø‚£ø‚£ø‚£ø‚£ø‚£ø‚£ø‚£ø‚£ø‚£ø‚£ø‚£ø‚£∑‚£ø‚£ø‚£ø‚£ø‚£ø‚£ø‚°Ñ‚†π‚£ø‚£ø‚°Ü‚†ª‚£ø‚£ü‚£Ø‚°ø‚£Ω‚°ø‚£ø‚£ø‚£ø‚£ø
‚£ø‚£ø‚£ø‚£ø‚£ª‚£Ω‚°ø‚£ø‚£é‚†ô‚£ø‚£û‚£∑‚°å‚¢ª‚£ü‚£ø‚£ø‚£ø‚£ø‚£ø‚£ø‚£ø‚£ø‚£ø‚£ø‚£ø‚£∑‚£ø‚£ø‚£ø‚£ø‚£ø‚£ø‚°Ñ‚†π‚£ø‚£ø‚°Ü‚†ª‚£ø‚£ü‚£Ø‚°ø‚£Ω‚°ø‚£ø‚£ø‚£ø
‚£ø‚£ø‚£ø‚£ø‚£ü‚£∑‚£ø‚£ø‚£ø‚°Ä‚†π‚£ü‚£æ‚£ü‚£Ü‚†π‚£Ø‚£ø‚£ø‚£ø‚£ø‚£ø‚£ø‚£ø‚£ø‚£ø‚£ø‚£ø‚£ø‚£ø‚£ø‚£ø‚£ø‚£ø‚°á‚¢†‚°ò‚£ø‚£ø‚°Ñ‚†â‚¢ø‚£ø‚£Ω‚°∑‚£ø‚£ª‚£ø‚£ø
‚£ø‚£ø‚£ø‚£ø‚£Ø‚¢ø‚£æ‚¢ø‚£ø‚°Ñ‚¢Ñ‚†ò‚¢ø‚£û‚°ø‚£ß‚°à‚¢∑‚£ø‚£ø‚£ø‚£ø‚£ø‚£ø‚£ø‚£ø‚£ø‚£ø‚£ø‚£ø‚£ø‚£ø‚£ø‚£ø‚°á‚¢∏‚£ß‚†ò‚£ø‚£∑‚†à‚£¶‚†ô‚¢ø‚£Ω‚£∑‚£ª‚£Ω‚£ø
‚£ø‚£ø‚£ø‚£ø‚£ü‚£Ø‚£ø‚¢ø‚£ø‚°Ü‚¢∏‚°∑‚°à‚¢ª‚°Ω‚£∑‚°∑‚°Ñ‚†ª‚£Ω‚£ø‚£ø‚°ø‚£ø‚£ø‚£ø‚£ø‚£ø‚£ø‚£∑‚£ø‚£ø‚£ø‚£ø‚£è‚¢∞‚£Ø‚¢∑‚†à‚£ø‚°Ü‚¢π‚¢∑‚°å‚†ª‚°æ‚¢ã‚£±‚£Ø
‚£ø‚£ø‚£ø‚£ø‚°é‚£ø‚¢æ‚°ø‚£ø‚°Ü‚¢∏‚£Ω‚¢ª‚£Ñ‚†π‚£∑‚£ü‚£ø‚£Ñ‚†π‚£ü‚£ø‚£ø‚£ü‚£ø‚£ø‚£ø‚£ø‚£ø‚£ø‚£Ω‚£ø‚£ø‚£ø‚°á‚¢∏‚£Ø‚£ü‚£ß‚†ò‚£∑‚†à‚°Ø‚†õ‚¢Ä‚°ê‚¢æ‚£ü‚£∑
‚£ø‚£ø‚£ø‚£ø‚£ß‚¢∏‚°ø‚£ü‚£ø‚°á‚¢∏‚£Ø‚£ü‚£Æ‚¢ß‚°à‚¢ø‚£û‚°ø‚£¶‚†ò‚†è‚£π‚£ø‚£Ω‚¢ø‚£ø‚£ø‚£ø‚£ø‚£Ø‚£ø‚£ø‚£ø‚°á‚¢∏‚£ø‚£ø‚£æ‚°Ü‚†π‚¢Ä‚£†‚£æ‚£ü‚£∑‚°à‚¢ø‚£û
‚£ø‚£ø‚£ø‚£ø‚£ø‚°à‚£ø‚¢ø‚£Ω‚°á‚†ò‚†õ‚†õ‚†õ‚†ì‚†ì‚†à‚†õ‚†õ‚†ü‚†á‚¢Ä‚¢ø‚£ª‚£ø‚£Ø‚¢ø‚£ø‚£ø‚£ø‚£∑‚¢ø‚£ø‚£ø‚†Å‚£æ‚£ø‚£ø‚£ø‚£ß‚°Ñ‚†á‚£π‚£ø‚£æ‚£Ø‚£ø‚°Ñ‚†ª
‚£ø‚£ø‚£ø‚£ø‚£ø‚°á‚¢π‚£ø‚°Ω‚°á‚¢∏‚£ø‚£ø‚£ø‚£ø‚£ø‚£û‚£Ü‚†∞‚£∂‚£∂‚°Ñ‚¢Ä‚¢ª‚°ø‚£Ø‚£ø‚°Ω‚£ø‚£ø‚£ø‚¢Ø‚£ü‚°ø‚¢Ä‚£ø‚£ø‚£ø‚£ø‚£ø‚£ß‚†ê‚£∏‚£ø‚£ø‚£∑‚£ø‚£ø‚£Ü
‚£ø‚£ø‚£ø‚£ø‚£ø‚£ø‚†ò‚£Ø‚°ø‚°á‚¢∏‚£ø‚£ø‚£ø‚£ø‚£ø‚£ø‚£ø‚£ß‚°à‚¢ø‚£≥‚†ò‚°Ñ‚†ª‚£ø‚¢æ‚£Ω‚£ü‚°ø‚£ø‚¢Ø‚£ø‚°á‚¢∏‚£ø‚£ø‚£ø‚£ø‚£ø‚£ø‚°Ä‚¢æ‚£ø‚£ø‚£ø‚£ø‚£ø‚£ø
‚£ø‚£ø‚£ø‚£ø‚£ø‚£ø‚°á‚¢π‚£ø‚†á‚¢∏‚£ø‚£ø‚£ø‚£ø‚£ø‚£ø‚£ø‚£ø‚£∑‚£Ñ‚†ª‚°á‚¢π‚£Ü‚†π‚£ü‚£æ‚£Ω‚£ª‚£ü‚£ø‚£Ω‚†Å‚£æ‚£ø‚£ø‚£ø‚£ø‚£ø‚£ø‚£á‚£ø‚£ø‚†ø‚†õ‚†õ‚†â‚†ô
‚£ø‚£ø‚£ø‚£ø‚£ø‚£ø‚£ø‚°à‚£ø‚°É‚¢º‚£ø‚£ø‚£ø‚£ø‚£ø‚£ø‚£ø‚£ø‚£ø‚£ø‚£¶‚°ô‚†å‚£ø‚£Ü‚†ò‚£ø‚£û‚°ø‚£û‚°ø‚°û‚¢†‚£ø‚£ø‚£ø‚£ø‚£ø‚°ø‚†õ‚†â‚†Å‚¢Ä‚£Ä‚£†‚£§‚£§‚£∂
‚£ø‚£ø‚£ø‚£ø‚£ø‚£ø‚°ø‚†É‚†ò‚†Å‚†â‚†â‚†â‚†â‚†â‚†â‚†â‚†â‚†â‚†ô‚†õ‚†õ‚¢ø‚£Ñ‚¢ª‚£ø‚£ß‚†ò‚¢Ø‚£ü‚°ø‚£Ω‚†Å‚£æ‚£ø‚£ø‚£ø‚£ø‚£ø‚°É‚¢Ä‚¢Ä‚†ò‚†õ‚†ø‚¢ø‚£ª‚£ü‚£Ø
‚£ø‚£ø‚£ø‚£ø‚£ø‚£ø‚£∂‚£∂‚°Ü     ‚£ø‚£æ‚£ø‚£æ‚£∑‚£ø‚£∂‚†ø         ‚£§‚£ø‚£∑‚£ø‚£ø‚£∑‚°à‚¢ø‚£ª‚¢É‚£º‚£ø‚£ø‚£ø‚£ø‚£ª‚£ø‚£ø‚£ø‚°∂‚£¶‚£§‚£Ñ‚£Ä‚°Ä‚†â‚†õ
‚£ø‚£ø‚£ª‚£ø‚£ø‚£ø‚£ø‚£ø‚°ø     ‚£ø‚£ø‚£ø‚£ø‚†ø‚†ã‚†Å‚¢Ä‚¢Ä‚£§‚£æ‚£ø‚£ø‚£ø‚£ø‚£ø‚£ø‚£ø‚£ø‚£å‚£•‚£æ‚°ø‚£ø‚£ø‚£∑‚£ø‚£ø‚¢ø‚£∑‚£ø‚£ø‚£ü‚£æ‚£Ω‚£≥‚¢Ø‚£ü‚£∂
‚£ø‚£ø‚°∑‚£ø‚£ø‚£ø‚£ø‚£ø‚°ó‚£¶   ‚°ø‚†ã‚†Å‚¢Ä‚¢Ä‚£†‚£¥‚¢ø‚£ø‚£Ω‚£ª‚¢Ω‚£æ‚£ü‚£∑‚£ø‚£ü‚£ø‚£ø‚£ø‚£≥‚†ø‚£µ‚£ß‚£º‚£ø‚£ø‚£ø‚£ø‚£ø‚£æ‚£ø‚£ø‚£ø‚£ø‚£ø‚£Ω‚£≥
‚£ø‚£ø‚£ø‚£∑‚£ª‚£ø‚£ø‚£ø‚°∑‚†õ‚£Å‚¢Ä‚£Ä‚£§‚£∂‚£ø‚£õ‚°ø‚£ø‚£Æ‚£Ω‚°ª‚£ø‚£Æ‚£Ω‚£ª‚¢Ø‚£ø‚£ø‚£ø‚£ø‚£ø‚£ø‚£ø‚£ø‚£ø‚£ø‚£ø‚£ø‚£ø‚£ø‚£ø‚£ø‚£ø‚£ø‚£ø‚£ø‚£ø‚£ø
‚£ø‚£ø‚£ø‚£∑‚¢ø‚£Ω‚£ø‚£ø‚£∑‚£ø‚£∑‚£Ü‚†π‚£ø‚£∂‚£Ø‚†ø‚£ø‚£∂‚£ü‚£ª‚¢ø‚£∑‚£Ω‚£ª‚£ø‚£ø‚£ø‚£ø‚£ø‚£ø‚£ø‚£ø‚£ø‚£ø‚£ø‚£ø‚£ø‚£ø‚£ø‚£ø‚£ø‚£ø‚£ø‚£ø‚£ø‚£ø‚£ø‚£ø
‚£ø‚£ø‚£ª‚£ø‚£ø‚¢æ‚°Ω‚£ø‚£ø‚£ø‚£ø‚£ø‚£Ü‚¢π‚£∂‚£ø‚£ª‚£∑‚£Ø‚£ü‚£ø‚£ø‚£Ω‚£ø‚£ø‚£ø‚£ø‚£ø‚£ø‚£ø‚£ø‚£ø‚£ø‚£ø‚£ø‚£ø‚£ø‚£ø‚£ø‚£ø‚£ø‚£ø‚£ø‚£ø‚£ø‚£ø‚£ø‚£ø‚£ø
‚£ø‚£ø‚°ª‚£Ω‚£ø‚£Ø‚¢ø‚£Ω‚£ª‚£ø‚£ø‚£ø‚£ø‚£Ü‚¢ª‚£ø‚£ø‚£ø‚£ø‚£ø‚£ø‚£ø‚£ø‚£ø‚£ø‚£ø‚£ø‚£ø‚£ø‚£ø‚£ø‚£ø‚£ø‚£ø‚†õ‚¢ª‚£ø‚£ø‚£ø‚£ø‚£ø‚£ø‚£ø‚£ø‚£ø‚£ø‚£ø‚£ø‚£ø
‚£ø‚£ø‚£ø‚£¶‚†õ‚£ø‚¢Ø‚£∑‚¢ø‚°Ω‚£ø‚£ø‚£ø‚£ø‚£Ü‚†ª‚£ø‚£ø‚£ø‚£ø‚£ø‚£ø‚£ø‚£ø‚£ø‚£ø‚£ø‚£ø‚£ø‚£ø‚£ø‚£ø‚£ø          ‚£ø‚£ø‚£ø‚£ø‚£ø‚£ø‚£ø‚£ø‚£ø‚£ø‚£ø‚£ø‚£ø
‚£ø‚£ø‚†ô‚£ø‚£ø‚£å‚†ª‚£Ω‚¢Ø‚£ø‚£Ω‚£ª‚£ø‚£ø‚£ø‚£ß‚†©‚¢ª‚£ø‚£ø‚£ø‚£ø‚£ø‚£ø‚£ø‚£ø‚£ø‚£ø‚£ø‚£ø‚£ø‚£ø              ‚£ø‚£ø‚£ø‚£ø‚£ø‚£ø‚£ø‚£ø‚£ø‚£ø‚£ø‚£ø‚£ø
‚£ø‚£ø‚£ß‚†ò‚£ø‚£ø‚°∑‚£å‚†ô‚¢∑‚£Ø‚°∑‚£ü‚£ø‚£ø‚£ø‚£∑‚°Ä‚°π‚£ø‚£ø‚£ø‚£ø‚£ø‚£ø‚£ø‚£ø‚£ø‚£ø‚£ø‚£ø‚£ø‚£∑          ‚£ø‚£ø‚£ø‚£ø‚£ø‚£ø‚£ø‚£ø‚£ø‚£ø‚£ø‚£ø‚£ø
‚£ø‚£ø‚¢ª‚£∑‚°à‚¢ø‚£ø‚£ø‚¢ß‚¢Ä‚†ô‚¢ø‚£ª‚°æ‚£Ω‚£ª‚£ø‚£ø‚£Ñ‚†å‚¢ø‚£ø‚£ø‚£ø‚£ø‚£ø‚£ø‚£ø‚£ø‚£ø‚£ø‚£ø‚£ø‚£ø‚£ø‚£ø‚£ø‚£ø‚£ø‚£ø‚£ø‚£ø‚£ø‚£ø‚£ø‚£ø‚£ø‚†õ‚£∞
‚£ø‚£ø‚¢Ä‚†π‚£ü‚£Ü‚†ª‚£ø‚£ø‚£Ü‚¢Ä‚£Ä‚†â‚†ª‚£ø‚°Ω‚£Ø‚£ø‚£ø‚£∑‚£à‚¢ª‚£ø‚£ø‚£ø‚£ø‚£ø‚£ø‚£ø‚£ø‚£ø‚£ø‚£ø‚£ø‚£ø‚£ø‚£ø‚£ø‚£ø‚£ø‚£ø‚£ø‚£ø‚£ø‚°ø‚†ã‚¢Ä‚£†‚†ò
‚£ø‚£ø‚£á‚¢±‚°ò‚¢ø‚£∑‚£¨‚£ô‚†ø‚£ß‚†ò‚£Ü‚¢Ä‚†à‚†ª‚£∑‚£ü‚£æ‚¢ø‚£ø‚£Ü‚†π‚£ø‚£ø‚£ø‚£ø‚£ø‚£ø‚£ø‚£ø‚£ø‚£ø‚£ø‚£ø‚£ø‚£ø‚£ø‚£ø‚£ø‚£ø‚£ø‚°ø‚†ã‚£†‚°û‚¢°‚£ø‚¢Ä
‚£ø‚£ø‚£ø‚°Ü‚¢£‚°Ä‚†ô‚¢æ‚£ü‚£ø‚£ø‚£∑‚°à‚†Ç‚†ò‚£¶‚°à‚†ø‚£Ø‚£ø‚¢æ‚£ø‚£Ü‚†ô‚†ª‚†ø‚†ø‚†ø‚†ø‚°ø‚£ø‚£ø‚£ø‚£ø‚£ø‚£ø‚£ø‚£ø‚£ø‚†ø‚†õ‚¢ã‚£†‚£æ‚°ü‚¢†‚£ø‚£ø‚¢Ä
‚£ø‚£ø‚†ª‚£ø‚°Ñ‚¢≥‚°Ñ‚¢Ü‚°ô‚†æ‚£Ω‚£ø‚£ø‚£Ü‚°Ä‚¢π‚°∑‚£Ñ‚†ô‚¢ø‚£ø‚°æ‚£ø‚£Ü‚¢Ä‚°Ä‚¢Ä‚¢Ä‚¢Ä‚¢Ä‚¢Ä‚¢Ä‚¢Ä‚¢Ä‚¢Ä‚¢Ä‚¢Ä‚¢Ä‚£Ä‚£†‚£¥‚°ø‚£Ø‚†è‚£†‚£ø‚£ø‚°è‚¢∏
‚£ø‚£ø‚£¶‚°ô‚£ø‚£Ü‚¢ª‚°å‚¢ø‚£∂‚¢§‚£â‚£ô‚£ø‚£∑‚°Ä‚†ô‚†Ω‚†∑‚†Ñ‚†π‚£ø‚£ü‚£ø‚£Ü‚¢ô‚£ã‚£§‚£§‚£§‚£Ñ‚£Ä‚¢Ä‚¢Ä‚¢Ä‚¢Ä‚£æ‚£ø‚£ü‚°∑‚£Ø‚°ø‚¢É‚£º‚£ø‚£ø‚£ø‚†á‚£º
‚£ø‚£ø‚£ø‚£∑‚£Æ‚£ø‚£ø‚£ø‚°å‚†Å‚¢§‚£§‚£§‚£§‚£¨‚£≠‚£¥‚£∂‚£∂‚£∂‚£Ü‚†à‚¢ª‚£ø‚£ø‚£Ü‚¢ª‚£ø‚£ø‚£ø‚£ø‚£ø‚£ø‚£∑‚£∂‚£§‚£å‚£â‚°ò‚†õ‚†ª‚†∂‚£ø‚£ø‚£ø‚£ø‚°ü‚£∞‚£´",True
,148111992,It's Dark Souls. Nuff Said,True
,148104093,"An undeniable amazing game of it's time, and still an unforgettable game 13 years later. Although the game severely falls flat in the egregiously unfinished second half of the game (Not including DLC). The bosses are rushed, the enemies are boring, and the level design is either unnecessarily frustrating or just plain out ridiculous. Don't let that take away from the experience of the game as a whole, the entirety of the first half of the game is near perfect, the soundtrack throughout stays consistently top of the line, and a memorable art/designs direction.

It's important to also take into account that this game is supposed to be a 'remaster', which is an absolute disgrace and money scam. It's a port with a a remaster on the price tag. 

Aside from the what i previously stated about the latter half of the game, the rest of the game is the exact opposite. An ingeniously connected overarching map, extremely hard but CONSISTENTLY fair enemies and bosses, innovative combat and movement, and an unforgettable experience.

As a essentially the father to the souls series, it's impossible to not notice the influence this game has had on the gaming industry as a whole. If the team had more budget to finish the second half of the game, this game would be a goddamn masterpiece. I would highly recommend a try.
8.5/10",True
,115663861,it's alright i guess,True
,148100864,that soul really was dark,True
,148087125,this is a journey that you owe yourself,True
,148085073,Oh the ragequits and urge to install was sadistic pleasure.,True
,148081624,hard,True
,148081390,Great,True
,148069992,Is this minecraft?,True
,146456030,Possibly my favourite game of all time,True
,148063585,"Great game! The size is so impressive, you just go deeper, and deeper. Then after you've spent hours down below in some dark place for hours, you come up and see a little sunlight and you feel like you've come up for fresh air. I loved it.",True
